site,mutant,nt changes to codon
-6,*,2
-6,-,3
-6,A,2
-6,C,3
-6,D,3
-6,E,2
-6,F,2
-6,G,2
-6,H,3
-6,I,1
-6,K,1
-6,L,1
-6,M,0
-6,N,2
-6,P,2
-6,Q,2
-6,R,1
-6,S,2
-6,T,1
-6,V,1
-6,W,2
-6,Y,3
-5,*,1
-5,-,3
-5,A,1
-5,C,3
-5,D,1
-5,E,0
-5,F,3
-5,G,1
-5,H,2
-5,I,3
-5,K,1
-5,L,2
-5,M,2
-5,N,2
-5,P,2
-5,Q,1
-5,R,2
-5,S,2
-5,T,2
-5,V,1
-5,W,2
-5,Y,2
-4,*,2
-4,-,3
-4,A,2
-4,C,2
-4,D,1
-4,E,2
-4,F,2
-4,G,2
-4,H,1
-4,I,1
-4,K,1
-4,L,2
-4,M,2
-4,N,0
-4,P,2
-4,Q,2
-4,R,2
-4,S,1
-4,T,1
-4,V,2
-4,W,3
-4,Y,1
-3,*,2
-3,-,3
-3,A,2
-3,C,3
-3,D,3
-3,E,2
-3,F,2
-3,G,2
-3,H,3
-3,I,0
-3,K,1
-3,L,1
-3,M,1
-3,N,2
-3,P,2
-3,Q,2
-3,R,1
-3,S,2
-3,T,1
-3,V,1
-3,W,3
-3,Y,3
-2,*,2
-2,-,3
-2,A,1
-2,C,3
-2,D,2
-2,E,1
-2,F,2
-2,G,1
-2,H,3
-2,I,1
-2,K,2
-2,L,1
-2,M,2
-2,N,3
-2,P,2
-2,Q,2
-2,R,2
-2,S,2
-2,T,2
-2,V,0
-2,W,3
-2,Y,3
-1,*,2
-1,-,3
-1,A,2
-1,C,3
-1,D,3
-1,E,2
-1,F,2
-1,G,2
-1,H,2
-1,I,1
-1,K,2
-1,L,0
-1,M,2
-1,N,3
-1,P,1
-1,Q,1
-1,R,1
-1,S,2
-1,T,2
-1,V,1
-1,W,3
-1,Y,3
1,*,3
1,-,3
1,A,2
1,C,2
1,D,2
1,E,3
1,F,1
1,G,2
1,H,1
1,I,1
1,K,3
1,L,0
1,M,2
1,N,2
1,P,1
1,Q,2
1,R,1
1,S,2
1,T,2
1,V,1
1,W,3
1,Y,2
2,*,3
2,-,3
2,A,2
2,C,2
2,D,2
2,E,3
2,F,1
2,G,2
2,H,1
2,I,1
2,K,3
2,L,0
2,M,2
2,N,2
2,P,1
2,Q,2
2,R,1
2,S,2
2,T,2
2,V,1
2,W,3
2,Y,2
3,*,2
3,-,3
3,A,0
3,C,3
3,D,2
3,E,1
3,F,3
3,G,1
3,H,3
3,I,2
3,K,2
3,L,2
3,M,3
3,N,3
3,P,1
3,Q,2
3,R,2
3,S,1
3,T,1
3,V,1
3,W,3
3,Y,3
4,*,2
4,-,3
4,A,2
4,C,3
4,D,3
4,E,2
4,F,2
4,G,2
4,H,3
4,I,0
4,K,1
4,L,1
4,M,1
4,N,2
4,P,2
4,Q,2
4,R,1
4,S,2
4,T,1
4,V,1
4,W,3
4,Y,3
5,*,3
5,-,3
5,A,1
5,C,2
5,D,1
5,E,2
5,F,1
5,G,1
5,H,2
5,I,1
5,K,3
5,L,1
5,M,2
5,N,2
5,P,2
5,Q,3
5,R,2
5,S,2
5,T,2
5,V,0
5,W,3
5,Y,2
6,*,2
6,-,3
6,A,2
6,C,1
6,D,2
6,E,3
6,F,2
6,G,1
6,H,2
6,I,1
6,K,2
6,L,2
6,M,2
6,N,1
6,P,2
6,Q,3
6,R,1
6,S,0
6,T,1
6,V,2
6,W,2
6,Y,2
7,*,3
7,-,3
7,A,2
7,C,2
7,D,2
7,E,3
7,F,1
7,G,2
7,H,1
7,I,1
7,K,3
7,L,0
7,M,2
7,N,2
7,P,1
7,Q,2
7,R,1
7,S,2
7,T,2
7,V,1
7,W,3
7,Y,2
8,*,3
8,-,3
8,A,1
8,C,2
8,D,1
8,E,2
8,F,1
8,G,1
8,H,2
8,I,1
8,K,3
8,L,1
8,M,2
8,N,2
8,P,2
8,Q,3
8,R,2
8,S,2
8,T,2
8,V,0
8,W,3
8,Y,2
9,*,1
9,-,3
9,A,2
9,C,3
9,D,2
9,E,1
9,F,3
9,G,2
9,H,2
9,I,1
9,K,0
9,L,2
9,M,2
9,N,1
9,P,2
9,Q,1
9,R,1
9,S,2
9,T,1
9,V,2
9,W,3
9,Y,2
10,*,2
10,-,3
10,A,2
10,C,1
10,D,2
10,E,3
10,F,2
10,G,1
10,H,2
10,I,1
10,K,2
10,L,2
10,M,2
10,N,1
10,P,2
10,Q,3
10,R,1
10,S,0
10,T,1
10,V,2
10,W,2
10,Y,2
11,*,2
11,-,3
11,A,1
11,C,2
11,D,0
11,E,1
11,F,2
11,G,1
11,H,1
11,I,2
11,K,2
11,L,2
11,M,3
11,N,1
11,P,2
11,Q,2
11,R,2
11,S,2
11,T,2
11,V,1
11,W,3
11,Y,1
12,*,1
12,-,3
12,A,2
12,C,3
12,D,2
12,E,1
12,F,3
12,G,2
12,H,1
12,I,3
12,K,1
12,L,1
12,M,2
12,N,2
12,P,1
12,Q,0
12,R,1
12,S,2
12,T,2
12,V,2
12,W,2
12,Y,2
13,*,3
13,-,3
13,A,2
13,C,2
13,D,2
13,E,3
13,F,1
13,G,2
13,H,2
13,I,0
13,K,2
13,L,1
13,M,1
13,N,1
13,P,2
13,Q,3
13,R,2
13,S,1
13,T,1
13,V,1
13,W,3
13,Y,2
14,*,1
14,-,3
14,A,2
14,C,0
14,D,2
14,E,3
14,F,1
14,G,1
14,H,2
14,I,2
14,K,3
14,L,2
14,M,3
14,N,2
14,P,2
14,Q,3
14,R,1
14,S,1
14,T,2
14,V,2
14,W,1
14,Y,1
15,*,3
15,-,3
15,A,2
15,C,2
15,D,2
15,E,3
15,F,1
15,G,2
15,H,2
15,I,0
15,K,2
15,L,1
15,M,1
15,N,1
15,P,2
15,Q,3
15,R,2
15,S,1
15,T,1
15,V,1
15,W,3
15,Y,2
16,*,2
16,-,3
16,A,1
16,C,1
16,D,1
16,E,2
16,F,2
16,G,0
16,H,2
16,I,2
16,K,3
16,L,2
16,M,3
16,N,2
16,P,2
16,Q,3
16,R,1
16,S,1
16,T,2
16,V,1
16,W,2
16,Y,2
17,*,1
17,-,3
17,A,2
17,C,1
17,D,1
17,E,2
17,F,1
17,G,2
17,H,1
17,I,2
17,K,2
17,L,2
17,M,3
17,N,1
17,P,2
17,Q,2
17,R,2
17,S,1
17,T,2
17,V,2
17,W,2
17,Y,0
18,*,2
18,-,3
18,A,2
18,C,2
18,D,1
18,E,2
18,F,2
18,G,2
18,H,0
18,I,2
18,K,2
18,L,1
18,M,3
18,N,1
18,P,1
18,Q,1
18,R,1
18,S,2
18,T,2
18,V,2
18,W,3
18,Y,1
19,*,2
19,-,3
19,A,0
19,C,3
19,D,2
19,E,1
19,F,3
19,G,1
19,H,3
19,I,2
19,K,2
19,L,2
19,M,3
19,N,3
19,P,1
19,Q,2
19,R,2
19,S,1
19,T,1
19,V,1
19,W,3
19,Y,3
20,*,2
20,-,3
20,A,2
20,C,2
20,D,1
20,E,2
20,F,2
20,G,2
20,H,1
20,I,1
20,K,1
20,L,2
20,M,2
20,N,0
20,P,2
20,Q,2
20,R,2
20,S,1
20,T,1
20,V,2
20,W,3
20,Y,1
21,*,2
21,-,3
21,A,2
21,C,2
21,D,1
21,E,2
21,F,2
21,G,2
21,H,1
21,I,1
21,K,1
21,L,2
21,M,2
21,N,0
21,P,2
21,Q,2
21,R,2
21,S,1
21,T,1
21,V,2
21,W,3
21,Y,1
22,*,1
22,-,3
22,A,1
22,C,2
22,D,3
22,E,2
22,F,2
22,G,2
22,H,3
22,I,3
22,K,2
22,L,1
22,M,2
22,N,3
22,P,1
22,Q,2
22,R,2
22,S,0
22,T,1
22,V,2
22,W,1
22,Y,2
23,*,2
23,-,3
23,A,1
23,C,3
23,D,3
23,E,2
23,F,3
23,G,2
23,H,3
23,I,1
23,K,1
23,L,2
23,M,2
23,N,2
23,P,1
23,Q,2
23,R,1
23,S,1
23,T,0
23,V,2
23,W,3
23,Y,3
24,*,1
24,-,3
24,A,1
24,C,3
24,D,1
24,E,0
24,F,3
24,G,1
24,H,2
24,I,3
24,K,1
24,L,2
24,M,2
24,N,2
24,P,2
24,Q,1
24,R,2
24,S,2
24,T,2
24,V,1
24,W,2
24,Y,2
25,*,1
25,-,3
25,A,2
25,C,3
25,D,2
25,E,1
25,F,3
25,G,2
25,H,1
25,I,2
25,K,1
25,L,1
25,M,3
25,N,2
25,P,1
25,Q,0
25,R,1
25,S,2
25,T,2
25,V,2
25,W,3
25,Y,2
26,*,3
26,-,3
26,A,1
26,C,2
26,D,1
26,E,2
26,F,1
26,G,1
26,H,2
26,I,1
26,K,3
26,L,1
26,M,2
26,N,2
26,P,2
26,Q,3
26,R,2
26,S,2
26,T,2
26,V,0
26,W,3
26,Y,2
27,*,2
27,-,3
27,A,1
27,C,2
27,D,0
27,E,1
27,F,2
27,G,1
27,H,1
27,I,2
27,K,2
27,L,2
27,M,3
27,N,1
27,P,2
27,Q,2
27,R,2
27,S,2
27,T,2
27,V,1
27,W,3
27,Y,1
28,*,2
28,-,3
28,A,1
28,C,3
28,D,3
28,E,2
28,F,3
28,G,2
28,H,3
28,I,2
28,K,1
28,L,2
28,M,1
28,N,2
28,P,1
28,Q,2
28,R,1
28,S,1
28,T,0
28,V,2
28,W,2
28,Y,3
29,*,2
29,-,3
29,A,2
29,C,3
29,D,3
29,E,2
29,F,2
29,G,2
29,H,3
29,I,0
29,K,1
29,L,1
29,M,1
29,N,2
29,P,2
29,Q,2
29,R,1
29,S,2
29,T,1
29,V,1
29,W,3
29,Y,3
30,*,2
30,-,3
30,A,2
30,C,3
30,D,3
30,E,2
30,F,2
30,G,2
30,H,3
30,I,1
30,K,1
30,L,1
30,M,0
30,N,2
30,P,2
30,Q,2
30,R,1
30,S,2
30,T,1
30,V,1
30,W,2
30,Y,3
31,*,1
31,-,3
31,A,1
31,C,3
31,D,1
31,E,0
31,F,3
31,G,1
31,H,2
31,I,2
31,K,1
31,L,2
31,M,3
31,N,2
31,P,2
31,Q,1
31,R,2
31,S,2
31,T,2
31,V,1
31,W,3
31,Y,2
32,*,1
32,-,3
32,A,2
32,C,3
32,D,2
32,E,1
32,F,3
32,G,2
32,H,2
32,I,2
32,K,0
32,L,2
32,M,1
32,N,1
32,P,2
32,Q,1
32,R,1
32,S,2
32,T,1
32,V,2
32,W,2
32,Y,2
33,*,2
33,-,3
33,A,2
33,C,2
33,D,1
33,E,2
33,F,2
33,G,2
33,H,1
33,I,1
33,K,1
33,L,2
33,M,2
33,N,0
33,P,2
33,Q,2
33,R,2
33,S,1
33,T,1
33,V,2
33,W,3
33,Y,1
34,*,3
34,-,3
34,A,1
34,C,2
34,D,1
34,E,2
34,F,1
34,G,1
34,H,2
34,I,1
34,K,3
34,L,1
34,M,2
34,N,2
34,P,2
34,Q,3
34,R,2
34,S,2
34,T,2
34,V,0
34,W,3
34,Y,2
35,*,3
35,-,3
35,A,1
35,C,2
35,D,2
35,E,3
35,F,2
35,G,2
35,H,2
35,I,1
35,K,2
35,L,2
35,M,2
35,N,1
35,P,1
35,Q,3
35,R,2
35,S,1
35,T,0
35,V,2
35,W,3
35,Y,2
36,*,3
36,-,3
36,A,1
36,C,2
36,D,1
36,E,2
36,F,1
36,G,1
36,H,2
36,I,1
36,K,3
36,L,1
36,M,2
36,N,2
36,P,2
36,Q,3
36,R,2
36,S,2
36,T,2
36,V,0
36,W,3
36,Y,2
37,*,2
37,-,3
37,A,1
37,C,3
37,D,3
37,E,2
37,F,3
37,G,2
37,H,3
37,I,1
37,K,1
37,L,2
37,M,2
37,N,2
37,P,1
37,Q,2
37,R,1
37,S,1
37,T,0
37,V,2
37,W,3
37,Y,3
38,*,2
38,-,3
38,A,2
38,C,2
38,D,1
38,E,2
38,F,2
38,G,2
38,H,0
38,I,2
38,K,2
38,L,1
38,M,3
38,N,1
38,P,1
38,Q,1
38,R,1
38,S,2
38,T,2
38,V,2
38,W,3
38,Y,1
39,*,3
39,-,3
39,A,0
39,C,2
39,D,1
39,E,2
39,F,2
39,G,1
39,H,2
39,I,2
39,K,3
39,L,2
39,M,3
39,N,2
39,P,1
39,Q,3
39,R,2
39,S,1
39,T,1
39,V,1
39,W,3
39,Y,2
40,*,1
40,-,3
40,A,2
40,C,3
40,D,2
40,E,1
40,F,3
40,G,2
40,H,1
40,I,2
40,K,1
40,L,1
40,M,3
40,N,2
40,P,1
40,Q,0
40,R,1
40,S,2
40,T,2
40,V,2
40,W,3
40,Y,2
41,*,2
41,-,3
41,A,1
41,C,2
41,D,0
41,E,1
41,F,2
41,G,1
41,H,1
41,I,2
41,K,2
41,L,2
41,M,3
41,N,1
41,P,2
41,Q,2
41,R,2
41,S,2
41,T,2
41,V,1
41,W,3
41,Y,1
42,*,2
42,-,3
42,A,2
42,C,3
42,D,3
42,E,2
42,F,2
42,G,2
42,H,3
42,I,0
42,K,1
42,L,1
42,M,1
42,N,2
42,P,2
42,Q,2
42,R,1
42,S,2
42,T,1
42,V,1
42,W,3
42,Y,3
43,*,2
43,-,3
43,A,2
43,C,3
43,D,3
43,E,2
43,F,2
43,G,2
43,H,2
43,I,2
43,K,2
43,L,0
43,M,1
43,N,3
43,P,1
43,Q,1
43,R,1
43,S,2
43,T,2
43,V,1
43,W,2
43,Y,3
44,*,1
44,-,3
44,A,1
44,C,3
44,D,1
44,E,0
44,F,3
44,G,1
44,H,2
44,I,2
44,K,1
44,L,2
44,M,3
44,N,2
44,P,2
44,Q,1
44,R,2
44,S,2
44,T,2
44,V,1
44,W,3
44,Y,2
45,*,1
45,-,3
45,A,2
45,C,3
45,D,2
45,E,1
45,F,3
45,G,2
45,H,2
45,I,1
45,K,0
45,L,2
45,M,2
45,N,1
45,P,2
45,Q,1
45,R,1
45,S,2
45,T,1
45,V,2
45,W,3
45,Y,2
46,*,2
46,-,3
46,A,1
46,C,3
46,D,3
46,E,2
46,F,3
46,G,2
46,H,3
46,I,1
46,K,1
46,L,2
46,M,2
46,N,2
46,P,1
46,Q,2
46,R,1
46,S,1
46,T,0
46,V,2
46,W,3
46,Y,3
47,*,2
47,-,3
47,A,2
47,C,2
47,D,1
47,E,2
47,F,2
47,G,2
47,H,0
47,I,2
47,K,2
47,L,1
47,M,3
47,N,1
47,P,1
47,Q,1
47,R,1
47,S,2
47,T,2
47,V,2
47,W,3
47,Y,1
48,*,2
48,-,3
48,A,2
48,C,2
48,D,1
48,E,2
48,F,2
48,G,2
48,H,1
48,I,1
48,K,1
48,L,2
48,M,2
48,N,0
48,P,2
48,Q,2
48,R,2
48,S,1
48,T,1
48,V,2
48,W,3
48,Y,1
49,*,2
49,-,3
49,A,1
49,C,2
49,D,2
49,E,1
49,F,3
49,G,0
49,H,3
49,I,3
49,K,2
49,L,2
49,M,2
49,N,3
49,P,2
49,Q,2
49,R,1
49,S,2
49,T,2
49,V,1
49,W,1
49,Y,3
50,*,1
50,-,3
50,A,2
50,C,3
50,D,2
50,E,1
50,F,3
50,G,2
50,H,2
50,I,2
50,K,0
50,L,2
50,M,1
50,N,1
50,P,2
50,Q,1
50,R,1
50,S,2
50,T,1
50,V,2
50,W,2
50,Y,2
51,*,3
51,-,3
51,A,2
51,C,2
51,D,2
51,E,3
51,F,1
51,G,2
51,H,1
51,I,1
51,K,3
51,L,0
51,M,2
51,N,2
51,P,1
51,Q,2
51,R,1
51,S,2
51,T,2
51,V,1
51,W,3
51,Y,2
52,*,1
52,-,3
52,A,2
52,C,0
52,D,2
52,E,3
52,F,1
52,G,1
52,H,2
52,I,2
52,K,3
52,L,2
52,M,3
52,N,2
52,P,2
52,Q,3
52,R,1
52,S,1
52,T,2
52,V,2
52,W,1
52,Y,1
53,*,2
53,-,3
53,A,1
53,C,2
53,D,0
53,E,1
53,F,2
53,G,1
53,H,1
53,I,2
53,K,2
53,L,2
53,M,3
53,N,1
53,P,2
53,Q,2
53,R,2
53,S,2
53,T,2
53,V,1
53,W,3
53,Y,1
54,*,2
54,-,3
54,A,2
54,C,3
54,D,3
54,E,2
54,F,2
54,G,2
54,H,2
54,I,1
54,K,2
54,L,0
54,M,2
54,N,3
54,P,1
54,Q,1
54,R,1
54,S,2
54,T,2
54,V,1
54,W,3
54,Y,3
54a,*,2
54a,-,3
54a,A,2
54a,C,2
54a,D,1
54a,E,2
54a,F,2
54a,G,2
54a,H,1
54a,I,1
54a,K,1
54a,L,2
54a,M,2
54a,N,0
54a,P,2
54a,Q,2
54a,R,2
54a,S,1
54a,T,1
54a,V,2
54a,W,3
54a,Y,1
55,*,2
55,-,3
55,A,1
55,C,2
55,D,2
55,E,1
55,F,3
55,G,0
55,H,3
55,I,3
55,K,2
55,L,2
55,M,2
55,N,3
55,P,2
55,Q,2
55,R,1
55,S,2
55,T,2
55,V,1
55,W,1
55,Y,3
56,*,2
56,-,3
56,A,1
56,C,3
56,D,2
56,E,1
56,F,2
56,G,1
56,H,3
56,I,2
56,K,2
56,L,1
56,M,1
56,N,3
56,P,2
56,Q,2
56,R,2
56,S,2
56,T,2
56,V,0
56,W,2
56,Y,3
57,*,1
57,-,3
57,A,2
57,C,3
57,D,2
57,E,1
57,F,3
57,G,2
57,H,2
57,I,2
57,K,0
57,L,2
57,M,1
57,N,1
57,P,2
57,Q,1
57,R,1
57,S,2
57,T,1
57,V,2
57,W,2
57,Y,2
58,*,3
58,-,3
58,A,1
58,C,2
58,D,2
58,E,3
58,F,2
58,G,2
58,H,1
58,I,2
58,K,3
58,L,1
58,M,3
58,N,2
58,P,0
58,Q,2
58,R,1
58,S,1
58,T,1
58,V,2
58,W,3
58,Y,2
59,*,2
59,-,3
59,A,2
59,C,3
59,D,3
59,E,2
59,F,2
59,G,2
59,H,2
59,I,2
59,K,2
59,L,0
59,M,1
59,N,3
59,P,1
59,Q,1
59,R,1
59,S,2
59,T,2
59,V,1
59,W,2
59,Y,3
60,*,3
60,-,3
60,A,2
60,C,2
60,D,2
60,E,3
60,F,1
60,G,2
60,H,2
60,I,0
60,K,2
60,L,1
60,M,1
60,N,1
60,P,2
60,Q,3
60,R,2
60,S,1
60,T,1
60,V,1
60,W,3
60,Y,2
61,*,1
61,-,3
61,A,2
61,C,2
61,D,3
61,E,2
61,F,1
61,G,2
61,H,3
61,I,1
61,K,2
61,L,0
61,M,2
61,N,3
61,P,2
61,Q,2
61,R,2
61,S,1
61,T,2
61,V,1
61,W,2
61,Y,2
62,*,1
62,-,3
62,A,2
62,C,3
62,D,2
62,E,1
62,F,3
62,G,2
62,H,2
62,I,2
62,K,0
62,L,2
62,M,1
62,N,1
62,P,2
62,Q,1
62,R,1
62,S,2
62,T,1
62,V,2
62,W,2
62,Y,2
63,*,2
63,-,3
63,A,1
63,C,2
63,D,0
63,E,1
63,F,2
63,G,1
63,H,1
63,I,2
63,K,2
63,L,2
63,M,3
63,N,1
63,P,2
63,Q,2
63,R,2
63,S,2
63,T,2
63,V,1
63,W,3
63,Y,1
64,*,1
64,-,3
64,A,2
64,C,0
64,D,2
64,E,3
64,F,1
64,G,1
64,H,2
64,I,2
64,K,3
64,L,2
64,M,3
64,N,2
64,P,2
64,Q,3
64,R,1
64,S,1
64,T,2
64,V,2
64,W,1
64,Y,1
65,*,2
65,-,3
65,A,2
65,C,1
65,D,2
65,E,3
65,F,2
65,G,1
65,H,2
65,I,1
65,K,2
65,L,2
65,M,2
65,N,1
65,P,2
65,Q,3
65,R,1
65,S,0
65,T,1
65,V,2
65,W,2
65,Y,2
66,*,2
66,-,3
66,A,1
66,C,3
66,D,2
66,E,1
66,F,2
66,G,1
66,H,3
66,I,1
66,K,2
66,L,1
66,M,2
66,N,3
66,P,2
66,Q,2
66,R,2
66,S,2
66,T,2
66,V,0
66,W,3
66,Y,3
67,*,3
67,-,3
67,A,0
67,C,2
67,D,1
67,E,2
67,F,2
67,G,1
67,H,2
67,I,2
67,K,3
67,L,2
67,M,3
67,N,2
67,P,1
67,Q,3
67,R,2
67,S,1
67,T,1
67,V,1
67,W,3
67,Y,2
68,*,1
68,-,3
68,A,1
68,C,2
68,D,2
68,E,1
68,F,3
68,G,0
68,H,3
68,I,2
68,K,2
68,L,2
68,M,3
68,N,3
68,P,2
68,Q,2
68,R,1
68,S,2
68,T,2
68,V,1
68,W,2
68,Y,3
69,*,1
69,-,3
69,A,2
69,C,1
69,D,3
69,E,2
69,F,2
69,G,1
69,H,3
69,I,3
69,K,2
69,L,1
69,M,2
69,N,3
69,P,2
69,Q,2
69,R,1
69,S,1
69,T,2
69,V,2
69,W,0
69,Y,2
70,*,3
70,-,3
70,A,2
70,C,2
70,D,2
70,E,3
70,F,1
70,G,2
70,H,1
70,I,1
70,K,3
70,L,0
70,M,2
70,N,2
70,P,1
70,Q,2
70,R,1
70,S,2
70,T,2
70,V,1
70,W,3
70,Y,2
71,*,3
71,-,3
71,A,2
71,C,2
71,D,2
71,E,3
71,F,1
71,G,2
71,H,1
71,I,1
71,K,3
71,L,0
71,M,2
71,N,2
71,P,1
71,Q,2
71,R,1
71,S,2
71,T,2
71,V,1
71,W,3
71,Y,2
72,*,1
72,-,3
72,A,1
72,C,2
72,D,2
72,E,1
72,F,3
72,G,0
72,H,3
72,I,2
72,K,2
72,L,2
72,M,3
72,N,3
72,P,2
72,Q,2
72,R,1
72,S,2
72,T,2
72,V,1
72,W,2
72,Y,3
73,*,2
73,-,3
73,A,2
73,C,2
73,D,1
73,E,2
73,F,2
73,G,2
73,H,1
73,I,1
73,K,1
73,L,2
73,M,2
73,N,0
73,P,2
73,Q,2
73,R,2
73,S,1
73,T,1
73,V,2
73,W,3
73,Y,1
74,*,2
74,-,3
74,A,1
74,C,3
74,D,3
74,E,2
74,F,3
74,G,2
74,H,2
74,I,2
74,K,2
74,L,1
74,M,3
74,N,3
74,P,0
74,Q,1
74,R,1
74,S,1
74,T,1
74,V,2
74,W,3
74,Y,3
75,*,2
75,-,3
75,A,2
75,C,3
75,D,3
75,E,2
75,F,2
75,G,2
75,H,3
75,I,1
75,K,1
75,L,1
75,M,0
75,N,2
75,P,2
75,Q,2
75,R,1
75,S,2
75,T,1
75,V,1
75,W,2
75,Y,3
76,*,1
76,-,3
76,A,2
76,C,0
76,D,2
76,E,3
76,F,1
76,G,1
76,H,2
76,I,2
76,K,3
76,L,2
76,M,3
76,N,2
76,P,2
76,Q,3
76,R,1
76,S,1
76,T,2
76,V,2
76,W,1
76,Y,1
77,*,2
77,-,3
77,A,1
77,C,2
77,D,0
77,E,1
77,F,2
77,G,1
77,H,1
77,I,2
77,K,2
77,L,2
77,M,3
77,N,1
77,P,2
77,Q,2
77,R,2
77,S,2
77,T,2
77,V,1
77,W,3
77,Y,1
78,*,1
78,-,3
78,A,1
78,C,3
78,D,1
78,E,0
78,F,3
78,G,1
78,H,2
78,I,2
78,K,1
78,L,2
78,M,3
78,N,2
78,P,2
78,Q,1
78,R,2
78,S,2
78,T,2
78,V,1
78,W,3
78,Y,2
79,*,2
79,-,3
79,A,2
79,C,1
79,D,2
79,E,3
79,F,0
79,G,2
79,H,2
79,I,1
79,K,3
79,L,1
79,M,2
79,N,2
79,P,2
79,Q,3
79,R,2
79,S,1
79,T,2
79,V,1
79,W,2
79,Y,1
80,*,3
80,-,3
80,A,2
80,C,2
80,D,2
80,E,3
80,F,1
80,G,2
80,H,2
80,I,0
80,K,2
80,L,1
80,M,1
80,N,1
80,P,2
80,Q,3
80,R,2
80,S,1
80,T,1
80,V,1
80,W,3
80,Y,2
81,*,1
81,-,3
81,A,2
81,C,2
81,D,3
81,E,2
81,F,3
81,G,1
81,H,3
81,I,1
81,K,1
81,L,2
81,M,2
81,N,2
81,P,2
81,Q,2
81,R,0
81,S,1
81,T,1
81,V,2
81,W,2
81,Y,3
82,*,2
82,-,3
82,A,1
82,C,3
82,D,2
82,E,1
82,F,2
82,G,1
82,H,3
82,I,2
82,K,2
82,L,1
82,M,1
82,N,3
82,P,2
82,Q,2
82,R,2
82,S,2
82,T,2
82,V,0
82,W,2
82,Y,3
82a,*,3
82a,-,3
82a,A,1
82a,C,2
82a,D,2
82a,E,3
82a,F,2
82a,G,2
82a,H,1
82a,I,2
82a,K,3
82a,L,1
82a,M,3
82a,N,2
82a,P,0
82a,Q,2
82a,R,1
82a,S,1
82a,T,1
82a,V,2
82a,W,3
82a,Y,2
83,*,1
83,-,3
83,A,1
83,C,3
83,D,1
83,E,0
83,F,3
83,G,1
83,H,2
83,I,2
83,K,1
83,L,2
83,M,3
83,N,2
83,P,2
83,Q,1
83,R,2
83,S,2
83,T,2
83,V,1
83,W,3
83,Y,2
84,*,1
84,-,3
84,A,2
84,C,1
84,D,3
84,E,2
84,F,2
84,G,1
84,H,3
84,I,3
84,K,2
84,L,1
84,M,2
84,N,3
84,P,2
84,Q,2
84,R,1
84,S,1
84,T,2
84,V,2
84,W,0
84,Y,2
85,*,2
85,-,3
85,A,1
85,C,1
85,D,2
85,E,3
85,F,1
85,G,2
85,H,2
85,I,2
85,K,3
85,L,2
85,M,3
85,N,2
85,P,1
85,Q,3
85,R,2
85,S,0
85,T,1
85,V,2
85,W,2
85,Y,1
86,*,1
86,-,3
86,A,2
86,C,1
86,D,1
86,E,2
86,F,1
86,G,2
86,H,1
86,I,2
86,K,2
86,L,2
86,M,3
86,N,1
86,P,2
86,Q,2
86,R,2
86,S,1
86,T,2
86,V,2
86,W,2
86,Y,0
87,*,2
87,-,3
87,A,2
87,C,3
87,D,3
87,E,2
87,F,2
87,G,2
87,H,3
87,I,0
87,K,1
87,L,1
87,M,1
87,N,2
87,P,2
87,Q,2
87,R,1
87,S,2
87,T,1
87,V,1
87,W,3
87,Y,3
88,*,2
88,-,3
88,A,1
88,C,3
88,D,2
88,E,1
88,F,2
88,G,1
88,H,3
88,I,2
88,K,2
88,L,1
88,M,1
88,N,3
88,P,2
88,Q,2
88,R,2
88,S,2
88,T,2
88,V,0
88,W,2
88,Y,3
89,*,1
89,-,3
89,A,1
89,C,3
89,D,1
89,E,0
89,F,3
89,G,1
89,H,2
89,I,3
89,K,1
89,L,2
89,M,2
89,N,2
89,P,2
89,Q,1
89,R,2
89,S,2
89,T,2
89,V,1
89,W,2
89,Y,2
90,*,2
90,-,3
90,A,2
90,C,2
90,D,3
90,E,2
90,F,3
90,G,1
90,H,2
90,I,3
90,K,2
90,L,1
90,M,2
90,N,3
90,P,1
90,Q,1
90,R,0
90,S,2
90,T,2
90,V,2
90,W,1
90,Y,3
91,*,3
91,-,3
91,A,0
91,C,2
91,D,1
91,E,2
91,F,2
91,G,1
91,H,2
91,I,2
91,K,3
91,L,2
91,M,3
91,N,2
91,P,1
91,Q,3
91,R,2
91,S,1
91,T,1
91,V,1
91,W,3
91,Y,2
92,*,2
92,-,3
92,A,2
92,C,2
92,D,1
92,E,2
92,F,2
92,G,2
92,H,1
92,I,1
92,K,1
92,L,2
92,M,2
92,N,0
92,P,2
92,Q,2
92,R,2
92,S,1
92,T,1
92,V,2
92,W,3
92,Y,1
92a,*,2
92a,-,3
92a,A,1
92a,C,3
92a,D,3
92a,E,2
92a,F,3
92a,G,2
92a,H,2
92a,I,2
92a,K,2
92a,L,1
92a,M,3
92a,N,3
92a,P,0
92a,Q,1
92a,R,1
92a,S,1
92a,T,1
92a,V,2
92a,W,3
92a,Y,3
93,*,3
93,-,3
93,A,0
93,C,2
93,D,1
93,E,2
93,F,2
93,G,1
93,H,2
93,I,2
93,K,3
93,L,2
93,M,3
93,N,2
93,P,1
93,Q,3
93,R,2
93,S,1
93,T,1
93,V,1
93,W,3
93,Y,2
94,*,2
94,-,3
94,A,2
94,C,2
94,D,1
94,E,2
94,F,2
94,G,2
94,H,1
94,I,1
94,K,1
94,L,2
94,M,2
94,N,0
94,P,2
94,Q,2
94,R,2
94,S,1
94,T,1
94,V,2
94,W,3
94,Y,1
95,*,2
95,-,3
95,A,1
95,C,2
95,D,0
95,E,1
95,F,2
95,G,1
95,H,1
95,I,2
95,K,2
95,L,2
95,M,3
95,N,1
95,P,2
95,Q,2
95,R,2
95,S,2
95,T,2
95,V,1
95,W,3
95,Y,1
96,*,3
96,-,3
96,A,2
96,C,2
96,D,2
96,E,3
96,F,1
96,G,2
96,H,1
96,I,1
96,K,3
96,L,0
96,M,2
96,N,2
96,P,1
96,Q,2
96,R,1
96,S,2
96,T,2
96,V,1
96,W,3
96,Y,2
97,*,1
97,-,3
97,A,2
97,C,0
97,D,2
97,E,3
97,F,1
97,G,1
97,H,2
97,I,2
97,K,3
97,L,2
97,M,3
97,N,2
97,P,2
97,Q,3
97,R,1
97,S,1
97,T,2
97,V,2
97,W,1
97,Y,1
98,*,1
98,-,3
98,A,2
98,C,1
98,D,1
98,E,2
98,F,1
98,G,2
98,H,1
98,I,2
98,K,2
98,L,2
98,M,3
98,N,1
98,P,2
98,Q,2
98,R,2
98,S,1
98,T,2
98,V,2
98,W,2
98,Y,0
99,*,2
99,-,3
99,A,1
99,C,3
99,D,3
99,E,2
99,F,3
99,G,2
99,H,2
99,I,2
99,K,2
99,L,1
99,M,3
99,N,3
99,P,0
99,Q,1
99,R,1
99,S,1
99,T,1
99,V,2
99,W,3
99,Y,3
100,*,2
100,-,3
100,A,1
100,C,2
100,D,2
100,E,1
100,F,3
100,G,0
100,H,3
100,I,3
100,K,2
100,L,2
100,M,2
100,N,3
100,P,2
100,Q,2
100,R,1
100,S,2
100,T,2
100,V,1
100,W,1
100,Y,3
101,*,2
101,-,3
101,A,2
101,C,1
101,D,2
101,E,3
101,F,2
101,G,1
101,H,2
101,I,1
101,K,2
101,L,2
101,M,2
101,N,1
101,P,2
101,Q,3
101,R,1
101,S,0
101,T,1
101,V,2
101,W,2
101,Y,2
102,*,3
102,-,3
102,A,2
102,C,2
102,D,2
102,E,3
102,F,1
102,G,2
102,H,1
102,I,1
102,K,3
102,L,0
102,M,2
102,N,2
102,P,1
102,Q,2
102,R,1
102,S,2
102,T,2
102,V,1
102,W,3
102,Y,2
103,*,2
103,-,3
103,A,2
103,C,2
103,D,1
103,E,2
103,F,2
103,G,2
103,H,1
103,I,1
103,K,1
103,L,2
103,M,2
103,N,0
103,P,2
103,Q,2
103,R,2
103,S,1
103,T,1
103,V,2
103,W,3
103,Y,1
104,*,2
104,-,3
104,A,1
104,C,2
104,D,0
104,E,1
104,F,2
104,G,1
104,H,1
104,I,2
104,K,2
104,L,2
104,M,3
104,N,1
104,P,2
104,Q,2
104,R,2
104,S,2
104,T,2
104,V,1
104,W,3
104,Y,1
105,*,1
105,-,3
105,A,2
105,C,1
105,D,1
105,E,2
105,F,1
105,G,2
105,H,1
105,I,2
105,K,2
105,L,2
105,M,3
105,N,1
105,P,2
105,Q,2
105,R,2
105,S,1
105,T,2
105,V,2
105,W,2
105,Y,0
106,*,1
106,-,3
106,A,1
106,C,3
106,D,1
106,E,0
106,F,3
106,G,1
106,H,2
106,I,2
106,K,1
106,L,2
106,M,3
106,N,2
106,P,2
106,Q,1
106,R,2
106,S,2
106,T,2
106,V,1
106,W,3
106,Y,2
107,*,1
107,-,3
107,A,1
107,C,3
107,D,1
107,E,0
107,F,3
107,G,1
107,H,2
107,I,2
107,K,1
107,L,2
107,M,3
107,N,2
107,P,2
107,Q,1
107,R,2
107,S,2
107,T,2
107,V,1
107,W,3
107,Y,2
108,*,2
108,-,3
108,A,2
108,C,3
108,D,3
108,E,2
108,F,2
108,G,2
108,H,2
108,I,2
108,K,2
108,L,0
108,M,1
108,N,3
108,P,1
108,Q,1
108,R,1
108,S,2
108,T,2
108,V,1
108,W,2
108,Y,3
109,*,1
109,-,3
109,A,2
109,C,3
109,D,2
109,E,1
109,F,3
109,G,2
109,H,2
109,I,1
109,K,0
109,L,2
109,M,2
109,N,1
109,P,2
109,Q,1
109,R,1
109,S,2
109,T,1
109,V,2
109,W,3
109,Y,2
110,*,2
110,-,3
110,A,2
110,C,2
110,D,1
110,E,2
110,F,2
110,G,2
110,H,0
110,I,2
110,K,2
110,L,1
110,M,3
110,N,1
110,P,1
110,Q,1
110,R,1
110,S,2
110,T,2
110,V,2
110,W,3
110,Y,1
111,*,2
111,-,3
111,A,2
111,C,3
111,D,3
111,E,2
111,F,2
111,G,2
111,H,3
111,I,1
111,K,1
111,L,1
111,M,0
111,N,2
111,P,2
111,Q,2
111,R,1
111,S,2
111,T,1
111,V,1
111,W,2
111,Y,3
112,*,1
112,-,3
112,A,2
112,C,2
112,D,3
112,E,2
112,F,1
112,G,2
112,H,3
112,I,2
112,K,2
112,L,0
112,M,1
112,N,3
112,P,2
112,Q,2
112,R,2
112,S,1
112,T,2
112,V,1
112,W,1
112,Y,2
113,*,2
113,-,3
113,A,2
113,C,1
113,D,2
113,E,3
113,F,2
113,G,1
113,H,2
113,I,1
113,K,2
113,L,2
113,M,2
113,N,1
113,P,2
113,Q,3
113,R,1
113,S,0
113,T,1
113,V,2
113,W,2
113,Y,2
114,*,1
114,-,3
114,A,2
114,C,2
114,D,3
114,E,2
114,F,3
114,G,1
114,H,3
114,I,1
114,K,1
114,L,2
114,M,2
114,N,2
114,P,2
114,Q,2
114,R,0
114,S,1
114,T,1
114,V,2
114,W,2
114,Y,3
115,*,2
115,-,3
115,A,2
115,C,3
115,D,3
115,E,2
115,F,2
115,G,2
115,H,3
115,I,0
115,K,1
115,L,1
115,M,1
115,N,2
115,P,2
115,Q,2
115,R,1
115,S,2
115,T,1
115,V,1
115,W,3
115,Y,3
116,*,2
116,-,3
116,A,2
116,C,2
116,D,1
116,E,2
116,F,2
116,G,2
116,H,1
116,I,1
116,K,1
116,L,2
116,M,2
116,N,0
116,P,2
116,Q,2
116,R,2
116,S,1
116,T,1
116,V,2
116,W,3
116,Y,1
117,*,2
117,-,3
117,A,2
117,C,2
117,D,1
117,E,2
117,F,2
117,G,2
117,H,0
117,I,2
117,K,2
117,L,1
117,M,3
117,N,1
117,P,1
117,Q,1
117,R,1
117,S,2
117,T,2
117,V,2
117,W,3
117,Y,1
118,*,2
118,-,3
118,A,2
118,C,1
118,D,2
118,E,3
118,F,0
118,G,2
118,H,2
118,I,1
118,K,3
118,L,1
118,M,2
118,N,2
118,P,2
118,Q,3
118,R,2
118,S,1
118,T,2
118,V,1
118,W,2
118,Y,1
119,*,1
119,-,3
119,A,1
119,C,3
119,D,1
119,E,0
119,F,3
119,G,1
119,H,2
119,I,3
119,K,1
119,L,2
119,M,2
119,N,2
119,P,2
119,Q,1
119,R,2
119,S,2
119,T,2
119,V,1
119,W,2
119,Y,2
120,*,1
120,-,3
120,A,2
120,C,3
120,D,2
120,E,1
120,F,3
120,G,2
120,H,2
120,I,2
120,K,0
120,L,2
120,M,1
120,N,1
120,P,2
120,Q,1
120,R,1
120,S,2
120,T,1
120,V,2
120,W,2
120,Y,2
121,*,3
121,-,3
121,A,2
121,C,2
121,D,2
121,E,3
121,F,1
121,G,2
121,H,2
121,I,0
121,K,2
121,L,1
121,M,1
121,N,1
121,P,2
121,Q,3
121,R,2
121,S,1
121,T,1
121,V,1
121,W,3
121,Y,2
122,*,2
122,-,3
122,A,2
122,C,3
122,D,3
122,E,2
122,F,2
122,G,2
122,H,2
122,I,2
122,K,2
122,L,0
122,M,1
122,N,3
122,P,1
122,Q,1
122,R,1
122,S,2
122,T,2
122,V,1
122,W,2
122,Y,3
123,*,3
123,-,3
123,A,2
123,C,2
123,D,2
123,E,3
123,F,1
123,G,2
123,H,2
123,I,0
123,K,2
123,L,1
123,M,1
123,N,1
123,P,2
123,Q,3
123,R,2
123,S,1
123,T,1
123,V,1
123,W,3
123,Y,2
124,*,3
124,-,3
124,A,2
124,C,2
124,D,2
124,E,3
124,F,1
124,G,2
124,H,2
124,I,0
124,K,2
124,L,1
124,M,1
124,N,1
124,P,2
124,Q,3
124,R,2
124,S,1
124,T,1
124,V,1
124,W,3
124,Y,2
125,*,3
125,-,3
125,A,1
125,C,2
125,D,2
125,E,3
125,F,2
125,G,2
125,H,1
125,I,2
125,K,3
125,L,1
125,M,3
125,N,2
125,P,0
125,Q,2
125,R,1
125,S,1
125,T,1
125,V,2
125,W,3
125,Y,2
125a,*,1
125a,-,3
125a,A,2
125a,C,3
125a,D,2
125a,E,1
125a,F,3
125a,G,2
125a,H,2
125a,I,2
125a,K,0
125a,L,2
125a,M,1
125a,N,1
125a,P,2
125a,Q,1
125a,R,1
125a,S,2
125a,T,1
125a,V,2
125a,W,2
125a,Y,2
125b,*,2
125b,-,3
125b,A,2
125b,C,1
125b,D,2
125b,E,3
125b,F,2
125b,G,1
125b,H,2
125b,I,1
125b,K,2
125b,L,2
125b,M,2
125b,N,1
125b,P,2
125b,Q,3
125b,R,1
125b,S,0
125b,T,1
125b,V,2
125b,W,2
125b,Y,2
126,*,2
126,-,3
126,A,1
126,C,1
126,D,2
126,E,3
126,F,1
126,G,2
126,H,2
126,I,2
126,K,3
126,L,2
126,M,3
126,N,2
126,P,1
126,Q,3
126,R,2
126,S,0
126,T,1
126,V,2
126,W,2
126,Y,1
127,*,1
127,-,3
127,A,2
127,C,1
127,D,3
127,E,2
127,F,2
127,G,1
127,H,3
127,I,3
127,K,2
127,L,1
127,M,2
127,N,3
127,P,2
127,Q,2
127,R,1
127,S,1
127,T,2
127,V,2
127,W,0
127,Y,2
128,*,2
128,-,3
128,A,1
128,C,3
128,D,3
128,E,2
128,F,3
128,G,2
128,H,2
128,I,2
128,K,2
128,L,1
128,M,3
128,N,3
128,P,0
128,Q,1
128,R,1
128,S,1
128,T,1
128,V,2
128,W,3
128,Y,3
129,*,2
129,-,3
129,A,2
129,C,2
129,D,1
129,E,2
129,F,2
129,G,2
129,H,1
129,I,1
129,K,1
129,L,2
129,M,2
129,N,0
129,P,2
129,Q,2
129,R,2
129,S,1
129,T,1
129,V,2
129,W,3
129,Y,1
130,*,2
130,-,3
130,A,2
130,C,2
130,D,1
130,E,2
130,F,2
130,G,2
130,H,0
130,I,2
130,K,2
130,L,1
130,M,3
130,N,1
130,P,1
130,Q,1
130,R,1
130,S,2
130,T,2
130,V,2
130,W,3
130,Y,1
131,*,1
131,-,3
131,A,1
131,C,3
131,D,1
131,E,0
131,F,3
131,G,1
131,H,2
131,I,2
131,K,1
131,L,2
131,M,3
131,N,2
131,P,2
131,Q,1
131,R,2
131,S,2
131,T,2
131,V,1
131,W,3
131,Y,2
132,*,2
132,-,3
132,A,1
132,C,3
132,D,3
132,E,2
132,F,3
132,G,2
132,H,3
132,I,1
132,K,1
132,L,2
132,M,2
132,N,2
132,P,1
132,Q,2
132,R,1
132,S,1
132,T,0
132,V,2
132,W,3
132,Y,3
133,*,1
133,-,3
133,A,1
133,C,2
133,D,3
133,E,2
133,F,2
133,G,2
133,H,3
133,I,2
133,K,2
133,L,1
133,M,3
133,N,3
133,P,1
133,Q,2
133,R,2
133,S,0
133,T,1
133,V,2
133,W,2
133,Y,2
133a,*,2
133a,-,3
133a,A,2
133a,C,3
133a,D,3
133a,E,2
133a,F,2
133a,G,2
133a,H,2
133a,I,1
133a,K,2
133a,L,0
133a,M,2
133a,N,3
133a,P,1
133a,Q,1
133a,R,1
133a,S,2
133a,T,2
133a,V,1
133a,W,3
133a,Y,3
134,*,2
134,-,3
134,A,1
134,C,2
134,D,2
134,E,1
134,F,3
134,G,0
134,H,3
134,I,3
134,K,2
134,L,2
134,M,2
134,N,3
134,P,2
134,Q,2
134,R,1
134,S,2
134,T,2
134,V,1
134,W,1
134,Y,3
135,*,2
135,-,3
135,A,1
135,C,3
135,D,2
135,E,1
135,F,2
135,G,1
135,H,3
135,I,2
135,K,2
135,L,1
135,M,1
135,N,3
135,P,2
135,Q,2
135,R,2
135,S,2
135,T,2
135,V,0
135,W,2
135,Y,3
136,*,2
136,-,3
136,A,2
136,C,1
136,D,2
136,E,3
136,F,2
136,G,1
136,H,2
136,I,1
136,K,2
136,L,2
136,M,2
136,N,1
136,P,2
136,Q,3
136,R,1
136,S,0
136,T,1
136,V,2
136,W,2
136,Y,2
137,*,2
137,-,3
137,A,0
137,C,3
137,D,2
137,E,1
137,F,3
137,G,1
137,H,3
137,I,2
137,K,2
137,L,2
137,M,3
137,N,3
137,P,1
137,Q,2
137,R,2
137,S,1
137,T,1
137,V,1
137,W,3
137,Y,3
138,*,3
138,-,3
138,A,0
138,C,2
138,D,1
138,E,2
138,F,2
138,G,1
138,H,2
138,I,2
138,K,3
138,L,2
138,M,3
138,N,2
138,P,1
138,Q,3
138,R,2
138,S,1
138,T,1
138,V,1
138,W,3
138,Y,2
139,*,1
139,-,3
139,A,2
139,C,0
139,D,2
139,E,3
139,F,1
139,G,1
139,H,2
139,I,2
139,K,3
139,L,2
139,M,3
139,N,2
139,P,2
139,Q,3
139,R,1
139,S,1
139,T,2
139,V,2
139,W,1
139,Y,1
140,*,2
140,-,3
140,A,1
140,C,3
140,D,3
140,E,2
140,F,3
140,G,2
140,H,2
140,I,2
140,K,2
140,L,1
140,M,3
140,N,3
140,P,0
140,Q,1
140,R,1
140,S,1
140,T,1
140,V,2
140,W,3
140,Y,3
141,*,1
141,-,3
141,A,2
141,C,1
141,D,1
141,E,2
141,F,1
141,G,2
141,H,1
141,I,2
141,K,2
141,L,2
141,M,3
141,N,1
141,P,2
141,Q,2
141,R,2
141,S,1
141,T,2
141,V,2
141,W,2
141,Y,0
142,*,1
142,-,3
142,A,2
142,C,3
142,D,2
142,E,1
142,F,3
142,G,2
142,H,1
142,I,3
142,K,1
142,L,1
142,M,2
142,N,2
142,P,1
142,Q,0
142,R,1
142,S,2
142,T,2
142,V,2
142,W,2
142,Y,2
143,*,1
143,-,3
143,A,1
143,C,2
143,D,2
143,E,1
143,F,3
143,G,0
143,H,3
143,I,2
143,K,2
143,L,2
143,M,3
143,N,3
143,P,2
143,Q,2
143,R,1
143,S,2
143,T,2
143,V,1
143,W,2
143,Y,3
144,*,2
144,-,3
144,A,0
144,C,3
144,D,2
144,E,1
144,F,3
144,G,1
144,H,3
144,I,3
144,K,2
144,L,2
144,M,2
144,N,3
144,P,1
144,Q,2
144,R,2
144,S,1
144,T,1
144,V,1
144,W,2
144,Y,3
145,*,3
145,-,3
145,A,1
145,C,2
145,D,2
145,E,3
145,F,2
145,G,2
145,H,1
145,I,2
145,K,3
145,L,1
145,M,3
145,N,2
145,P,0
145,Q,2
145,R,1
145,S,1
145,T,1
145,V,2
145,W,3
145,Y,2
146,*,2
146,-,3
146,A,1
146,C,1
146,D,2
146,E,3
146,F,1
146,G,2
146,H,2
146,I,2
146,K,3
146,L,2
146,M,3
146,N,2
146,P,1
146,Q,3
146,R,2
146,S,0
146,T,1
146,V,2
146,W,2
146,Y,1
147,*,2
147,-,3
147,A,2
147,C,1
147,D,2
147,E,3
147,F,0
147,G,2
147,H,2
147,I,1
147,K,3
147,L,1
147,M,2
147,N,2
147,P,2
147,Q,3
147,R,2
147,S,1
147,T,2
147,V,1
147,W,2
147,Y,1
148,*,2
148,-,3
148,A,2
148,C,1
148,D,2
148,E,3
148,F,0
148,G,2
148,H,2
148,I,1
148,K,3
148,L,1
148,M,2
148,N,2
148,P,2
148,Q,3
148,R,2
148,S,1
148,T,2
148,V,1
148,W,2
148,Y,1
149,*,1
149,-,3
149,A,2
149,C,2
149,D,3
149,E,2
149,F,3
149,G,1
149,H,3
149,I,1
149,K,1
149,L,2
149,M,2
149,N,2
149,P,2
149,Q,2
149,R,0
149,S,1
149,T,1
149,V,2
149,W,2
149,Y,3
150,*,2
150,-,3
150,A,2
150,C,2
150,D,1
150,E,2
150,F,2
150,G,2
150,H,1
150,I,1
150,K,1
150,L,2
150,M,2
150,N,0
150,P,2
150,Q,2
150,R,2
150,S,1
150,T,1
150,V,2
150,W,3
150,Y,1
151,*,2
151,-,3
151,A,1
151,C,3
151,D,2
151,E,1
151,F,2
151,G,1
151,H,3
151,I,2
151,K,2
151,L,1
151,M,1
151,N,3
151,P,2
151,Q,2
151,R,2
151,S,2
151,T,2
151,V,0
151,W,2
151,Y,3
152,*,2
152,-,3
152,A,1
152,C,3
152,D,2
152,E,1
152,F,2
152,G,1
152,H,3
152,I,2
152,K,2
152,L,1
152,M,1
152,N,3
152,P,2
152,Q,2
152,R,2
152,S,2
152,T,2
152,V,0
152,W,2
152,Y,3
153,*,1
153,-,3
153,A,2
153,C,1
153,D,3
153,E,2
153,F,2
153,G,1
153,H,3
153,I,3
153,K,2
153,L,1
153,M,2
153,N,3
153,P,2
153,Q,2
153,R,1
153,S,1
153,T,2
153,V,2
153,W,0
153,Y,2
154,*,3
154,-,3
154,A,2
154,C,2
154,D,2
154,E,3
154,F,1
154,G,2
154,H,1
154,I,1
154,K,3
154,L,0
154,M,2
154,N,2
154,P,1
154,Q,2
154,R,1
154,S,2
154,T,2
154,V,1
154,W,3
154,Y,2
155,*,3
155,-,3
155,A,2
155,C,2
155,D,2
155,E,3
155,F,1
155,G,2
155,H,2
155,I,0
155,K,2
155,L,1
155,M,1
155,N,1
155,P,2
155,Q,3
155,R,2
155,S,1
155,T,1
155,V,1
155,W,3
155,Y,2
156,*,1
156,-,3
156,A,2
156,C,3
156,D,2
156,E,1
156,F,3
156,G,2
156,H,2
156,I,1
156,K,0
156,L,2
156,M,2
156,N,1
156,P,2
156,Q,1
156,R,1
156,S,2
156,T,1
156,V,2
156,W,3
156,Y,2
157,*,1
157,-,3
157,A,2
157,C,3
157,D,2
157,E,1
157,F,3
157,G,2
157,H,2
157,I,2
157,K,0
157,L,2
157,M,1
157,N,1
157,P,2
157,Q,1
157,R,1
157,S,2
157,T,1
157,V,2
157,W,2
157,Y,2
158,*,2
158,-,3
158,A,2
158,C,2
158,D,1
158,E,2
158,F,2
158,G,2
158,H,1
158,I,1
158,K,1
158,L,2
158,M,2
158,N,0
158,P,2
158,Q,2
158,R,2
158,S,1
158,T,1
158,V,2
158,W,3
158,Y,1
159,*,2
159,-,3
159,A,1
159,C,2
159,D,0
159,E,1
159,F,2
159,G,1
159,H,1
159,I,2
159,K,2
159,L,2
159,M,3
159,N,1
159,P,2
159,Q,2
159,R,2
159,S,2
159,T,2
159,V,1
159,W,3
159,Y,1
160,*,2
160,-,3
160,A,0
160,C,3
160,D,2
160,E,1
160,F,3
160,G,1
160,H,3
160,I,2
160,K,2
160,L,2
160,M,3
160,N,3
160,P,1
160,Q,2
160,R,2
160,S,1
160,T,1
160,V,1
160,W,3
160,Y,3
161,*,1
161,-,3
161,A,2
161,C,1
161,D,1
161,E,2
161,F,1
161,G,2
161,H,1
161,I,2
161,K,2
161,L,2
161,M,3
161,N,1
161,P,2
161,Q,2
161,R,2
161,S,1
161,T,2
161,V,2
161,W,2
161,Y,0
162,*,2
162,-,3
162,A,1
162,C,3
162,D,3
162,E,2
162,F,3
162,G,2
162,H,2
162,I,2
162,K,2
162,L,1
162,M,3
162,N,3
162,P,0
162,Q,1
162,R,1
162,S,1
162,T,1
162,V,2
162,W,3
162,Y,3
163,*,2
163,-,3
163,A,1
163,C,3
163,D,3
163,E,2
163,F,3
163,G,2
163,H,3
163,I,1
163,K,1
163,L,2
163,M,2
163,N,2
163,P,1
163,Q,2
163,R,1
163,S,1
163,T,0
163,V,2
163,W,3
163,Y,3
164,*,2
164,-,3
164,A,2
164,C,3
164,D,3
164,E,2
164,F,2
164,G,2
164,H,3
164,I,0
164,K,1
164,L,1
164,M,1
164,N,2
164,P,2
164,Q,2
164,R,1
164,S,2
164,T,1
164,V,1
164,W,3
164,Y,3
165,*,1
165,-,3
165,A,2
165,C,3
165,D,2
165,E,1
165,F,3
165,G,2
165,H,2
165,I,2
165,K,0
165,L,2
165,M,1
165,N,1
165,P,2
165,Q,1
165,R,1
165,S,2
165,T,1
165,V,2
165,W,2
165,Y,2
166,*,2
166,-,3
166,A,2
166,C,3
166,D,3
166,E,2
166,F,2
166,G,2
166,H,3
166,I,0
166,K,1
166,L,1
166,M,1
166,N,2
166,P,2
166,Q,2
166,R,1
166,S,2
166,T,1
166,V,1
166,W,3
166,Y,3
167,*,2
167,-,3
167,A,2
167,C,1
167,D,2
167,E,3
167,F,2
167,G,1
167,H,2
167,I,1
167,K,2
167,L,2
167,M,2
167,N,1
167,P,2
167,Q,3
167,R,1
167,S,0
167,T,1
167,V,2
167,W,2
167,Y,2
168,*,1
168,-,3
168,A,2
168,C,1
168,D,1
168,E,2
168,F,1
168,G,2
168,H,1
168,I,2
168,K,2
168,L,2
168,M,3
168,N,1
168,P,2
168,Q,2
168,R,2
168,S,1
168,T,2
168,V,2
168,W,2
168,Y,0
169,*,2
169,-,3
169,A,2
169,C,2
169,D,1
169,E,2
169,F,2
169,G,2
169,H,1
169,I,1
169,K,1
169,L,2
169,M,2
169,N,0
169,P,2
169,Q,2
169,R,2
169,S,1
169,T,1
169,V,2
169,W,3
169,Y,1
170,*,2
170,-,3
170,A,2
170,C,2
170,D,1
170,E,2
170,F,2
170,G,2
170,H,1
170,I,1
170,K,1
170,L,2
170,M,2
170,N,0
170,P,2
170,Q,2
170,R,2
170,S,1
170,T,1
170,V,2
170,W,3
170,Y,1
171,*,3
171,-,3
171,A,1
171,C,2
171,D,2
171,E,3
171,F,2
171,G,2
171,H,2
171,I,1
171,K,2
171,L,2
171,M,2
171,N,1
171,P,1
171,Q,3
171,R,2
171,S,1
171,T,0
171,V,2
171,W,3
171,Y,2
172,*,2
172,-,3
172,A,2
172,C,2
172,D,1
172,E,2
172,F,2
172,G,2
172,H,1
172,I,1
172,K,1
172,L,2
172,M,2
172,N,0
172,P,2
172,Q,2
172,R,2
172,S,1
172,T,1
172,V,2
172,W,3
172,Y,1
173,*,2
173,-,3
173,A,2
173,C,2
173,D,3
173,E,2
173,F,3
173,G,1
173,H,2
173,I,3
173,K,2
173,L,1
173,M,2
173,N,3
173,P,1
173,Q,1
173,R,0
173,S,2
173,T,2
173,V,2
173,W,1
173,Y,3
174,*,1
174,-,3
174,A,1
174,C,3
174,D,1
174,E,0
174,F,3
174,G,1
174,H,2
174,I,2
174,K,1
174,L,2
174,M,3
174,N,2
174,P,2
174,Q,1
174,R,2
174,S,2
174,T,2
174,V,1
174,W,3
174,Y,2
175,*,2
175,-,3
175,A,1
175,C,2
175,D,0
175,E,1
175,F,2
175,G,1
175,H,1
175,I,2
175,K,2
175,L,2
175,M,3
175,N,1
175,P,2
175,Q,2
175,R,2
175,S,2
175,T,2
175,V,1
175,W,3
175,Y,1
176,*,3
176,-,3
176,A,2
176,C,2
176,D,2
176,E,3
176,F,1
176,G,2
176,H,1
176,I,1
176,K,3
176,L,0
176,M,2
176,N,2
176,P,1
176,Q,2
176,R,1
176,S,2
176,T,2
176,V,1
176,W,3
176,Y,2
177,*,1
177,-,3
177,A,2
177,C,2
177,D,3
177,E,2
177,F,1
177,G,2
177,H,3
177,I,2
177,K,2
177,L,0
177,M,1
177,N,3
177,P,2
177,Q,2
177,R,2
177,S,1
177,T,2
177,V,1
177,W,1
177,Y,2
178,*,2
178,-,3
178,A,2
178,C,3
178,D,3
178,E,2
178,F,2
178,G,2
178,H,3
178,I,0
178,K,1
178,L,1
178,M,1
178,N,2
178,P,2
178,Q,2
178,R,1
178,S,2
178,T,1
178,V,1
178,W,3
178,Y,3
179,*,2
179,-,3
179,A,2
179,C,3
179,D,3
179,E,2
179,F,2
179,G,2
179,H,2
179,I,2
179,K,2
179,L,0
179,M,1
179,N,3
179,P,1
179,Q,1
179,R,1
179,S,2
179,T,2
179,V,1
179,W,2
179,Y,3
180,*,1
180,-,3
180,A,2
180,C,1
180,D,3
180,E,2
180,F,2
180,G,1
180,H,3
180,I,3
180,K,2
180,L,1
180,M,2
180,N,3
180,P,2
180,Q,2
180,R,1
180,S,1
180,T,2
180,V,2
180,W,0
180,Y,2
181,*,2
181,-,3
181,A,1
181,C,2
181,D,2
181,E,1
181,F,3
181,G,0
181,H,3
181,I,3
181,K,2
181,L,2
181,M,2
181,N,3
181,P,2
181,Q,2
181,R,1
181,S,2
181,T,2
181,V,1
181,W,1
181,Y,3
182,*,3
182,-,3
182,A,2
182,C,2
182,D,2
182,E,3
182,F,1
182,G,2
182,H,2
182,I,0
182,K,2
182,L,1
182,M,1
182,N,1
182,P,2
182,Q,3
182,R,2
182,S,1
182,T,1
182,V,1
182,W,3
182,Y,2
183,*,2
183,-,3
183,A,2
183,C,2
183,D,1
183,E,2
183,F,2
183,G,2
183,H,0
183,I,2
183,K,2
183,L,1
183,M,3
183,N,1
183,P,1
183,Q,1
183,R,1
183,S,2
183,T,2
183,V,2
183,W,3
183,Y,1
184,*,2
184,-,3
184,A,2
184,C,2
184,D,1
184,E,2
184,F,2
184,G,2
184,H,0
184,I,2
184,K,2
184,L,1
184,M,3
184,N,1
184,P,1
184,Q,1
184,R,1
184,S,2
184,T,2
184,V,2
184,W,3
184,Y,1
185,*,2
185,-,3
185,A,1
185,C,1
185,D,2
185,E,3
185,F,1
185,G,2
185,H,2
185,I,2
185,K,3
185,L,2
185,M,3
185,N,2
185,P,1
185,Q,3
185,R,2
185,S,0
185,T,1
185,V,2
185,W,2
185,Y,1
186,*,2
186,-,3
186,A,2
186,C,2
186,D,1
186,E,2
186,F,2
186,G,2
186,H,1
186,I,1
186,K,1
186,L,2
186,M,2
186,N,0
186,P,2
186,Q,2
186,R,2
186,S,1
186,T,1
186,V,2
186,W,3
186,Y,1
187,*,2
187,-,3
187,A,2
187,C,2
187,D,1
187,E,2
187,F,2
187,G,2
187,H,1
187,I,1
187,K,1
187,L,2
187,M,2
187,N,0
187,P,2
187,Q,2
187,R,2
187,S,1
187,T,1
187,V,2
187,W,3
187,Y,1
188,*,2
188,-,3
188,A,0
188,C,3
188,D,2
188,E,1
188,F,3
188,G,1
188,H,3
188,I,2
188,K,2
188,L,2
188,M,3
188,N,3
188,P,1
188,Q,2
188,R,2
188,S,1
188,T,1
188,V,1
188,W,3
188,Y,3
189,*,1
189,-,3
189,A,1
189,C,3
189,D,1
189,E,0
189,F,3
189,G,1
189,H,2
189,I,2
189,K,1
189,L,2
189,M,3
189,N,2
189,P,2
189,Q,1
189,R,2
189,S,2
189,T,2
189,V,1
189,W,3
189,Y,2
190,*,1
190,-,3
190,A,1
190,C,3
190,D,1
190,E,0
190,F,3
190,G,1
190,H,2
190,I,3
190,K,1
190,L,2
190,M,2
190,N,2
190,P,2
190,Q,1
190,R,2
190,S,2
190,T,2
190,V,1
190,W,2
190,Y,2
191,*,1
191,-,3
191,A,2
191,C,3
191,D,2
191,E,1
191,F,3
191,G,2
191,H,1
191,I,3
191,K,1
191,L,1
191,M,2
191,N,2
191,P,1
191,Q,0
191,R,1
191,S,2
191,T,2
191,V,2
191,W,2
191,Y,2
192,*,2
192,-,3
192,A,1
192,C,3
192,D,3
192,E,2
192,F,3
192,G,2
192,H,3
192,I,1
192,K,1
192,L,2
192,M,2
192,N,2
192,P,1
192,Q,2
192,R,1
192,S,1
192,T,0
192,V,2
192,W,3
192,Y,3
193,*,2
193,-,3
193,A,2
193,C,2
193,D,1
193,E,2
193,F,2
193,G,2
193,H,1
193,I,1
193,K,1
193,L,2
193,M,2
193,N,0
193,P,2
193,Q,2
193,R,2
193,S,1
193,T,1
193,V,2
193,W,3
193,Y,1
194,*,3
194,-,3
194,A,2
194,C,2
194,D,2
194,E,3
194,F,1
194,G,2
194,H,1
194,I,1
194,K,3
194,L,0
194,M,2
194,N,2
194,P,1
194,Q,2
194,R,1
194,S,2
194,T,2
194,V,1
194,W,3
194,Y,2
195,*,1
195,-,3
195,A,2
195,C,1
195,D,1
195,E,2
195,F,1
195,G,2
195,H,1
195,I,2
195,K,2
195,L,2
195,M,3
195,N,1
195,P,2
195,Q,2
195,R,2
195,S,1
195,T,2
195,V,2
195,W,2
195,Y,0
196,*,1
196,-,3
196,A,2
196,C,3
196,D,2
196,E,1
196,F,3
196,G,2
196,H,2
196,I,1
196,K,0
196,L,2
196,M,2
196,N,1
196,P,2
196,Q,1
196,R,1
196,S,2
196,T,1
196,V,2
196,W,3
196,Y,2
197,*,2
197,-,3
197,A,2
197,C,2
197,D,1
197,E,2
197,F,2
197,G,2
197,H,1
197,I,1
197,K,1
197,L,2
197,M,2
197,N,0
197,P,2
197,Q,2
197,R,2
197,S,1
197,T,1
197,V,2
197,W,3
197,Y,1
198,*,2
198,-,3
198,A,1
198,C,3
198,D,3
198,E,2
198,F,3
198,G,2
198,H,2
198,I,2
198,K,2
198,L,1
198,M,3
198,N,3
198,P,0
198,Q,1
198,R,1
198,S,1
198,T,1
198,V,2
198,W,3
198,Y,3
199,*,3
199,-,3
199,A,1
199,C,2
199,D,2
199,E,3
199,F,2
199,G,2
199,H,2
199,I,1
199,K,2
199,L,2
199,M,2
199,N,1
199,P,1
199,Q,3
199,R,2
199,S,1
199,T,0
199,V,2
199,W,3
199,Y,2
200,*,3
200,-,3
200,A,1
200,C,2
200,D,2
200,E,3
200,F,2
200,G,2
200,H,2
200,I,1
200,K,2
200,L,2
200,M,2
200,N,1
200,P,1
200,Q,3
200,R,2
200,S,1
200,T,0
200,V,2
200,W,3
200,Y,2
201,*,1
201,-,3
201,A,2
201,C,1
201,D,1
201,E,2
201,F,1
201,G,2
201,H,1
201,I,2
201,K,2
201,L,2
201,M,3
201,N,1
201,P,2
201,Q,2
201,R,2
201,S,1
201,T,2
201,V,2
201,W,2
201,Y,0
202,*,3
202,-,3
202,A,2
202,C,2
202,D,2
202,E,3
202,F,1
202,G,2
202,H,2
202,I,0
202,K,2
202,L,1
202,M,1
202,N,1
202,P,2
202,Q,3
202,R,2
202,S,1
202,T,1
202,V,1
202,W,3
202,Y,2
203,*,1
203,-,3
203,A,1
203,C,2
203,D,3
203,E,2
203,F,2
203,G,2
203,H,3
203,I,2
203,K,2
203,L,1
203,M,3
203,N,3
203,P,1
203,Q,2
203,R,2
203,S,0
203,T,1
203,V,2
203,W,2
203,Y,2
204,*,3
204,-,3
204,A,1
204,C,2
204,D,1
204,E,2
204,F,1
204,G,1
204,H,2
204,I,1
204,K,3
204,L,1
204,M,2
204,N,2
204,P,2
204,Q,3
204,R,2
204,S,2
204,T,2
204,V,0
204,W,3
204,Y,2
205,*,1
205,-,3
205,A,1
205,C,2
205,D,2
205,E,1
205,F,3
205,G,0
205,H,3
205,I,2
205,K,2
205,L,2
205,M,3
205,N,3
205,P,2
205,Q,2
205,R,1
205,S,2
205,T,2
205,V,1
205,W,2
205,Y,3
206,*,2
206,-,3
206,A,1
206,C,3
206,D,3
206,E,2
206,F,3
206,G,2
206,H,3
206,I,1
206,K,1
206,L,2
206,M,2
206,N,2
206,P,1
206,Q,2
206,R,1
206,S,1
206,T,0
206,V,2
206,W,3
206,Y,3
207,*,1
207,-,3
207,A,1
207,C,2
207,D,3
207,E,2
207,F,2
207,G,2
207,H,3
207,I,2
207,K,2
207,L,1
207,M,3
207,N,3
207,P,1
207,Q,2
207,R,2
207,S,0
207,T,1
207,V,2
207,W,2
207,Y,2
208,*,3
208,-,3
208,A,1
208,C,2
208,D,2
208,E,3
208,F,2
208,G,2
208,H,2
208,I,1
208,K,2
208,L,2
208,M,2
208,N,1
208,P,1
208,Q,3
208,R,2
208,S,1
208,T,0
208,V,2
208,W,3
208,Y,2
209,*,1
209,-,3
209,A,2
209,C,2
209,D,3
209,E,2
209,F,1
209,G,2
209,H,3
209,I,1
209,K,2
209,L,0
209,M,2
209,N,3
209,P,2
209,Q,2
209,R,2
209,S,1
209,T,2
209,V,1
209,W,2
209,Y,2
210,*,2
210,-,3
210,A,2
210,C,2
210,D,1
210,E,2
210,F,2
210,G,2
210,H,1
210,I,1
210,K,1
210,L,2
210,M,2
210,N,0
210,P,2
210,Q,2
210,R,2
210,S,1
210,T,1
210,V,2
210,W,3
210,Y,1
211,*,1
211,-,3
211,A,2
211,C,3
211,D,2
211,E,1
211,F,3
211,G,2
211,H,1
211,I,3
211,K,1
211,L,1
211,M,2
211,N,2
211,P,1
211,Q,0
211,R,1
211,S,2
211,T,2
211,V,2
211,W,2
211,Y,2
212,*,2
212,-,3
212,A,2
212,C,2
212,D,3
212,E,2
212,F,3
212,G,1
212,H,3
212,I,2
212,K,1
212,L,2
212,M,1
212,N,2
212,P,2
212,Q,2
212,R,0
212,S,1
212,T,1
212,V,2
212,W,1
212,Y,3
213,*,1
213,-,3
213,A,2
213,C,2
213,D,3
213,E,2
213,F,1
213,G,2
213,H,3
213,I,2
213,K,2
213,L,0
213,M,1
213,N,3
213,P,2
213,Q,2
213,R,2
213,S,1
213,T,2
213,V,1
213,W,1
213,Y,2
214,*,2
214,-,3
214,A,0
214,C,3
214,D,2
214,E,1
214,F,3
214,G,1
214,H,3
214,I,2
214,K,2
214,L,2
214,M,3
214,N,3
214,P,1
214,Q,2
214,R,2
214,S,1
214,T,1
214,V,1
214,W,3
214,Y,3
215,*,2
215,-,3
215,A,1
215,C,3
215,D,3
215,E,2
215,F,3
215,G,2
215,H,2
215,I,2
215,K,2
215,L,1
215,M,3
215,N,3
215,P,0
215,Q,1
215,R,1
215,S,1
215,T,1
215,V,2
215,W,3
215,Y,3
216,*,1
216,-,3
216,A,2
216,C,3
216,D,2
216,E,1
216,F,3
216,G,2
216,H,2
216,I,1
216,K,0
216,L,2
216,M,2
216,N,1
216,P,2
216,Q,1
216,R,1
216,S,2
216,T,1
216,V,2
216,W,3
216,Y,2
217,*,2
217,-,3
217,A,2
217,C,3
217,D,3
217,E,2
217,F,2
217,G,2
217,H,3
217,I,0
217,K,1
217,L,1
217,M,1
217,N,2
217,P,2
217,Q,2
217,R,1
217,S,2
217,T,1
217,V,1
217,W,3
217,Y,3
218,*,3
218,-,3
218,A,0
218,C,2
218,D,1
218,E,2
218,F,2
218,G,1
218,H,2
218,I,2
218,K,3
218,L,2
218,M,3
218,N,2
218,P,1
218,Q,3
218,R,2
218,S,1
218,T,1
218,V,1
218,W,3
218,Y,2
219,*,3
219,-,3
219,A,1
219,C,2
219,D,2
219,E,3
219,F,2
219,G,2
219,H,2
219,I,1
219,K,2
219,L,2
219,M,2
219,N,1
219,P,1
219,Q,3
219,R,2
219,S,1
219,T,0
219,V,2
219,W,3
219,Y,2
220,*,1
220,-,3
220,A,2
220,C,2
220,D,3
220,E,2
220,F,3
220,G,1
220,H,3
220,I,1
220,K,1
220,L,2
220,M,2
220,N,2
220,P,2
220,Q,2
220,R,0
220,S,1
220,T,1
220,V,2
220,W,2
220,Y,3
221,*,2
221,-,3
221,A,1
221,C,1
221,D,2
221,E,3
221,F,1
221,G,2
221,H,2
221,I,2
221,K,3
221,L,2
221,M,3
221,N,2
221,P,1
221,Q,3
221,R,2
221,S,0
221,T,1
221,V,2
221,W,2
221,Y,1
222,*,1
222,-,3
222,A,2
222,C,3
222,D,2
222,E,1
222,F,3
222,G,2
222,H,1
222,I,2
222,K,1
222,L,1
222,M,3
222,N,2
222,P,1
222,Q,0
222,R,1
222,S,2
222,T,2
222,V,2
222,W,3
222,Y,2
223,*,2
223,-,3
223,A,1
223,C,3
223,D,2
223,E,1
223,F,2
223,G,1
223,H,3
223,I,1
223,K,2
223,L,1
223,M,2
223,N,3
223,P,2
223,Q,2
223,R,2
223,S,2
223,T,2
223,V,0
223,W,3
223,Y,3
224,*,2
224,-,3
224,A,2
224,C,2
224,D,1
224,E,2
224,F,2
224,G,2
224,H,1
224,I,1
224,K,1
224,L,2
224,M,2
224,N,0
224,P,2
224,Q,2
224,R,2
224,S,1
224,T,1
224,V,2
224,W,3
224,Y,1
225,*,2
225,-,3
225,A,1
225,C,2
225,D,2
225,E,1
225,F,3
225,G,0
225,H,3
225,I,3
225,K,2
225,L,2
225,M,2
225,N,3
225,P,2
225,Q,2
225,R,1
225,S,2
225,T,2
225,V,1
225,W,1
225,Y,3
226,*,1
226,-,3
226,A,2
226,C,3
226,D,2
226,E,1
226,F,3
226,G,2
226,H,1
226,I,2
226,K,1
226,L,1
226,M,3
226,N,2
226,P,1
226,Q,0
226,R,1
226,S,2
226,T,2
226,V,2
226,W,3
226,Y,2
227,*,2
227,-,3
227,A,2
227,C,1
227,D,2
227,E,3
227,F,2
227,G,1
227,H,1
227,I,2
227,K,3
227,L,1
227,M,3
227,N,2
227,P,1
227,Q,2
227,R,0
227,S,1
227,T,2
227,V,2
227,W,2
227,Y,2
228,*,1
228,-,3
228,A,1
228,C,2
228,D,2
228,E,1
228,F,3
228,G,0
228,H,3
228,I,2
228,K,2
228,L,2
228,M,3
228,N,3
228,P,2
228,Q,2
228,R,1
228,S,2
228,T,2
228,V,1
228,W,2
228,Y,3
229,*,1
229,-,3
229,A,2
229,C,2
229,D,3
229,E,2
229,F,3
229,G,1
229,H,3
229,I,1
229,K,1
229,L,2
229,M,2
229,N,2
229,P,2
229,Q,2
229,R,0
229,S,1
229,T,1
229,V,2
229,W,2
229,Y,3
230,*,2
230,-,3
230,A,2
230,C,3
230,D,3
230,E,2
230,F,2
230,G,2
230,H,3
230,I,1
230,K,1
230,L,1
230,M,0
230,N,2
230,P,2
230,Q,2
230,R,1
230,S,2
230,T,1
230,V,1
230,W,2
230,Y,3
231,*,2
231,-,3
231,A,1
231,C,2
231,D,0
231,E,1
231,F,2
231,G,1
231,H,1
231,I,2
231,K,2
231,L,2
231,M,3
231,N,1
231,P,2
231,Q,2
231,R,2
231,S,2
231,T,2
231,V,1
231,W,3
231,Y,1
232,*,2
232,-,3
232,A,2
232,C,1
232,D,2
232,E,3
232,F,0
232,G,2
232,H,2
232,I,1
232,K,3
232,L,1
232,M,2
232,N,2
232,P,2
232,Q,3
232,R,2
232,S,1
232,T,2
232,V,1
232,W,2
232,Y,1
233,*,2
233,-,3
233,A,2
233,C,1
233,D,2
233,E,3
233,F,0
233,G,2
233,H,2
233,I,1
233,K,3
233,L,1
233,M,2
233,N,2
233,P,2
233,Q,3
233,R,2
233,S,1
233,T,2
233,V,1
233,W,2
233,Y,1
234,*,1
234,-,3
234,A,2
234,C,1
234,D,3
234,E,2
234,F,2
234,G,1
234,H,3
234,I,3
234,K,2
234,L,1
234,M,2
234,N,3
234,P,2
234,Q,2
234,R,1
234,S,1
234,T,2
234,V,2
234,W,0
234,Y,2
235,*,2
235,-,3
235,A,1
235,C,3
235,D,3
235,E,2
235,F,3
235,G,2
235,H,3
235,I,1
235,K,1
235,L,2
235,M,2
235,N,2
235,P,1
235,Q,2
235,R,1
235,S,1
235,T,0
235,V,2
235,W,3
235,Y,3
236,*,3
236,-,3
236,A,2
236,C,2
236,D,2
236,E,3
236,F,1
236,G,2
236,H,2
236,I,0
236,K,2
236,L,1
236,M,1
236,N,1
236,P,2
236,Q,3
236,R,2
236,S,1
236,T,1
236,V,1
236,W,3
236,Y,2
237,*,1
237,-,3
237,A,2
237,C,2
237,D,3
237,E,2
237,F,1
237,G,2
237,H,3
237,I,1
237,K,2
237,L,0
237,M,2
237,N,3
237,P,2
237,Q,2
237,R,2
237,S,1
237,T,2
237,V,1
237,W,2
237,Y,2
238,*,1
238,-,3
238,A,2
238,C,3
238,D,2
238,E,1
238,F,3
238,G,2
238,H,2
238,I,1
238,K,0
238,L,2
238,M,2
238,N,1
238,P,2
238,Q,1
238,R,1
238,S,2
238,T,1
238,V,2
238,W,3
238,Y,2
239,*,2
239,-,3
239,A,1
239,C,3
239,D,3
239,E,2
239,F,3
239,G,2
239,H,2
239,I,2
239,K,2
239,L,1
239,M,3
239,N,3
239,P,0
239,Q,1
239,R,1
239,S,1
239,T,1
239,V,2
239,W,3
239,Y,3
240,*,2
240,-,3
240,A,1
240,C,2
240,D,0
240,E,1
240,F,2
240,G,1
240,H,1
240,I,2
240,K,2
240,L,2
240,M,3
240,N,1
240,P,2
240,Q,2
240,R,2
240,S,2
240,T,2
240,V,1
240,W,3
240,Y,1
241,*,2
241,-,3
241,A,1
241,C,2
241,D,0
241,E,1
241,F,2
241,G,1
241,H,1
241,I,2
241,K,2
241,L,2
241,M,3
241,N,1
241,P,2
241,Q,2
241,R,2
241,S,2
241,T,2
241,V,1
241,W,3
241,Y,1
242,*,2
242,-,3
242,A,0
242,C,3
242,D,2
242,E,1
242,F,3
242,G,1
242,H,3
242,I,2
242,K,2
242,L,2
242,M,3
242,N,3
242,P,1
242,Q,2
242,R,2
242,S,1
242,T,1
242,V,1
242,W,3
242,Y,3
243,*,3
243,-,3
243,A,2
243,C,2
243,D,2
243,E,3
243,F,1
243,G,2
243,H,2
243,I,0
243,K,2
243,L,1
243,M,1
243,N,1
243,P,2
243,Q,3
243,R,2
243,S,1
243,T,1
243,V,1
243,W,3
243,Y,2
244,*,2
244,-,3
244,A,2
244,C,2
244,D,1
244,E,2
244,F,2
244,G,2
244,H,0
244,I,2
244,K,2
244,L,1
244,M,3
244,N,1
244,P,1
244,Q,1
244,R,1
244,S,2
244,T,2
244,V,2
244,W,3
244,Y,1
245,*,2
245,-,3
245,A,2
245,C,1
245,D,2
245,E,3
245,F,0
245,G,2
245,H,2
245,I,1
245,K,3
245,L,1
245,M,2
245,N,2
245,P,2
245,Q,3
245,R,2
245,S,1
245,T,2
245,V,1
245,W,2
245,Y,1
246,*,1
246,-,3
246,A,1
246,C,3
246,D,1
246,E,0
246,F,3
246,G,1
246,H,2
246,I,3
246,K,1
246,L,2
246,M,2
246,N,2
246,P,2
246,Q,1
246,R,2
246,S,2
246,T,2
246,V,1
246,W,2
246,Y,2
247,*,2
247,-,3
247,A,2
247,C,1
247,D,2
247,E,3
247,F,2
247,G,1
247,H,2
247,I,1
247,K,2
247,L,2
247,M,2
247,N,1
247,P,2
247,Q,3
247,R,1
247,S,0
247,T,1
247,V,2
247,W,2
247,Y,2
248,*,2
248,-,3
248,A,2
248,C,2
248,D,1
248,E,2
248,F,2
248,G,2
248,H,1
248,I,1
248,K,1
248,L,2
248,M,2
248,N,0
248,P,2
248,Q,2
248,R,2
248,S,1
248,T,1
248,V,2
248,W,3
248,Y,1
249,*,1
249,-,3
249,A,1
249,C,2
249,D,2
249,E,1
249,F,3
249,G,0
249,H,3
249,I,2
249,K,2
249,L,2
249,M,3
249,N,3
249,P,2
249,Q,2
249,R,1
249,S,2
249,T,2
249,V,1
249,W,2
249,Y,3
250,*,2
250,-,3
250,A,2
250,C,2
250,D,1
250,E,2
250,F,2
250,G,2
250,H,1
250,I,1
250,K,1
250,L,2
250,M,2
250,N,0
250,P,2
250,Q,2
250,R,2
250,S,1
250,T,1
250,V,2
250,W,3
250,Y,1
251,*,2
251,-,3
251,A,2
251,C,1
251,D,2
251,E,3
251,F,0
251,G,2
251,H,2
251,I,1
251,K,3
251,L,1
251,M,2
251,N,2
251,P,2
251,Q,3
251,R,2
251,S,1
251,T,2
251,V,1
251,W,2
251,Y,1
252,*,3
252,-,3
252,A,2
252,C,2
252,D,2
252,E,3
252,F,1
252,G,2
252,H,2
252,I,0
252,K,2
252,L,1
252,M,1
252,N,1
252,P,2
252,Q,3
252,R,2
252,S,1
252,T,1
252,V,1
252,W,3
252,Y,2
253,*,3
253,-,3
253,A,0
253,C,2
253,D,1
253,E,2
253,F,2
253,G,1
253,H,2
253,I,2
253,K,3
253,L,2
253,M,3
253,N,2
253,P,1
253,Q,3
253,R,2
253,S,1
253,T,1
253,V,1
253,W,3
253,Y,2
254,*,2
254,-,3
254,A,1
254,C,3
254,D,3
254,E,2
254,F,3
254,G,2
254,H,2
254,I,2
254,K,2
254,L,1
254,M,3
254,N,3
254,P,0
254,Q,1
254,R,1
254,S,1
254,T,1
254,V,2
254,W,3
254,Y,3
255,*,1
255,-,3
255,A,1
255,C,3
255,D,1
255,E,0
255,F,3
255,G,1
255,H,2
255,I,2
255,K,1
255,L,2
255,M,3
255,N,2
255,P,2
255,Q,1
255,R,2
255,S,2
255,T,2
255,V,1
255,W,3
255,Y,2
256,*,1
256,-,3
256,A,2
256,C,1
256,D,1
256,E,2
256,F,1
256,G,2
256,H,1
256,I,2
256,K,2
256,L,2
256,M,3
256,N,1
256,P,2
256,Q,2
256,R,2
256,S,1
256,T,2
256,V,2
256,W,2
256,Y,0
257,*,2
257,-,3
257,A,0
257,C,3
257,D,2
257,E,1
257,F,3
257,G,1
257,H,3
257,I,2
257,K,2
257,L,2
257,M,3
257,N,3
257,P,1
257,Q,2
257,R,2
257,S,1
257,T,1
257,V,1
257,W,3
257,Y,3
258,*,1
258,-,3
258,A,2
258,C,1
258,D,1
258,E,2
258,F,1
258,G,2
258,H,1
258,I,2
258,K,2
258,L,2
258,M,3
258,N,1
258,P,2
258,Q,2
258,R,2
258,S,1
258,T,2
258,V,2
258,W,2
258,Y,0
259,*,1
259,-,3
259,A,2
259,C,3
259,D,2
259,E,1
259,F,3
259,G,2
259,H,2
259,I,1
259,K,0
259,L,2
259,M,2
259,N,1
259,P,2
259,Q,1
259,R,1
259,S,2
259,T,1
259,V,2
259,W,3
259,Y,2
260,*,3
260,-,3
260,A,2
260,C,2
260,D,2
260,E,3
260,F,1
260,G,2
260,H,2
260,I,0
260,K,2
260,L,1
260,M,1
260,N,1
260,P,2
260,Q,3
260,R,2
260,S,1
260,T,1
260,V,1
260,W,3
260,Y,2
261,*,3
261,-,3
261,A,1
261,C,2
261,D,1
261,E,2
261,F,1
261,G,1
261,H,2
261,I,1
261,K,3
261,L,1
261,M,2
261,N,2
261,P,2
261,Q,3
261,R,2
261,S,2
261,T,2
261,V,0
261,W,3
261,Y,2
262,*,1
262,-,3
262,A,2
262,C,3
262,D,2
262,E,1
262,F,3
262,G,2
262,H,2
262,I,2
262,K,0
262,L,2
262,M,1
262,N,1
262,P,2
262,Q,1
262,R,1
262,S,2
262,T,1
262,V,2
262,W,2
262,Y,2
262a,*,1
262a,-,3
262a,A,2
262a,C,3
262a,D,2
262a,E,1
262a,F,3
262a,G,2
262a,H,2
262a,I,1
262a,K,0
262a,L,2
262a,M,2
262a,N,1
262a,P,2
262a,Q,1
262a,R,1
262a,S,2
262a,T,1
262a,V,2
262a,W,3
262a,Y,2
263,*,2
263,-,3
263,A,1
263,C,2
263,D,2
263,E,1
263,F,3
263,G,0
263,H,3
263,I,3
263,K,2
263,L,2
263,M,2
263,N,3
263,P,2
263,Q,2
263,R,1
263,S,2
263,T,2
263,V,1
263,W,1
263,Y,3
264,*,2
264,-,3
264,A,1
264,C,2
264,D,0
264,E,1
264,F,2
264,G,1
264,H,1
264,I,2
264,K,2
264,L,2
264,M,3
264,N,1
264,P,2
264,Q,2
264,R,2
264,S,2
264,T,2
264,V,1
264,W,3
264,Y,1
265,*,1
265,-,3
265,A,1
265,C,2
265,D,3
265,E,2
265,F,2
265,G,2
265,H,3
265,I,2
265,K,2
265,L,1
265,M,3
265,N,3
265,P,1
265,Q,2
265,R,2
265,S,0
265,T,1
265,V,2
265,W,2
265,Y,2
266,*,2
266,-,3
266,A,1
266,C,3
266,D,3
266,E,2
266,F,3
266,G,2
266,H,3
266,I,1
266,K,1
266,L,2
266,M,2
266,N,2
266,P,1
266,Q,2
266,R,1
266,S,1
266,T,0
266,V,2
266,W,3
266,Y,3
267,*,3
267,-,3
267,A,2
267,C,2
267,D,2
267,E,3
267,F,1
267,G,2
267,H,2
267,I,0
267,K,2
267,L,1
267,M,1
267,N,1
267,P,2
267,Q,3
267,R,2
267,S,1
267,T,1
267,V,1
267,W,3
267,Y,2
268,*,2
268,-,3
268,A,2
268,C,3
268,D,3
268,E,2
268,F,2
268,G,2
268,H,3
268,I,1
268,K,1
268,L,1
268,M,0
268,N,2
268,P,2
268,Q,2
268,R,1
268,S,2
268,T,1
268,V,1
268,W,2
268,Y,3
269,*,1
269,-,3
269,A,2
269,C,3
269,D,2
269,E,1
269,F,3
269,G,2
269,H,2
269,I,1
269,K,0
269,L,2
269,M,2
269,N,1
269,P,2
269,Q,1
269,R,1
269,S,2
269,T,1
269,V,2
269,W,3
269,Y,2
270,*,2
270,-,3
270,A,2
270,C,1
270,D,2
270,E,3
270,F,2
270,G,1
270,H,2
270,I,1
270,K,2
270,L,2
270,M,2
270,N,1
270,P,2
270,Q,3
270,R,1
270,S,0
270,T,1
270,V,2
270,W,2
270,Y,2
271,*,1
271,-,3
271,A,1
271,C,2
271,D,2
271,E,1
271,F,3
271,G,0
271,H,3
271,I,2
271,K,2
271,L,2
271,M,3
271,N,3
271,P,2
271,Q,2
271,R,1
271,S,2
271,T,2
271,V,1
271,W,2
271,Y,3
272,*,2
272,-,3
272,A,1
272,C,3
272,D,2
272,E,1
272,F,2
272,G,1
272,H,3
272,I,2
272,K,2
272,L,1
272,M,1
272,N,3
272,P,2
272,Q,2
272,R,2
272,S,2
272,T,2
272,V,0
272,W,2
272,Y,3
273,*,1
273,-,3
273,A,1
273,C,3
273,D,1
273,E,0
273,F,3
273,G,1
273,H,2
273,I,2
273,K,1
273,L,2
273,M,3
273,N,2
273,P,2
273,Q,1
273,R,2
273,S,2
273,T,2
273,V,1
273,W,3
273,Y,2
274,*,1
274,-,3
274,A,2
274,C,1
274,D,1
274,E,2
274,F,1
274,G,2
274,H,1
274,I,2
274,K,2
274,L,2
274,M,3
274,N,1
274,P,2
274,Q,2
274,R,2
274,S,1
274,T,2
274,V,2
274,W,2
274,Y,0
275,*,2
275,-,3
275,A,1
275,C,1
275,D,1
275,E,2
275,F,2
275,G,0
275,H,2
275,I,2
275,K,3
275,L,2
275,M,3
275,N,2
275,P,2
275,Q,3
275,R,1
275,S,1
275,T,2
275,V,1
275,W,2
275,Y,2
276,*,2
276,-,3
276,A,2
276,C,2
276,D,1
276,E,2
276,F,2
276,G,2
276,H,0
276,I,2
276,K,2
276,L,1
276,M,3
276,N,1
276,P,1
276,Q,1
276,R,1
276,S,2
276,T,2
276,V,2
276,W,3
276,Y,1
277,*,1
277,-,3
277,A,2
277,C,0
277,D,2
277,E,3
277,F,1
277,G,1
277,H,2
277,I,2
277,K,3
277,L,2
277,M,3
277,N,2
277,P,2
277,Q,3
277,R,1
277,S,1
277,T,2
277,V,2
277,W,1
277,Y,1
278,*,2
278,-,3
278,A,2
278,C,2
278,D,1
278,E,2
278,F,2
278,G,2
278,H,1
278,I,1
278,K,1
278,L,2
278,M,2
278,N,0
278,P,2
278,Q,2
278,R,2
278,S,1
278,T,1
278,V,2
278,W,3
278,Y,1
279,*,3
279,-,3
279,A,1
279,C,2
279,D,2
279,E,3
279,F,2
279,G,2
279,H,2
279,I,1
279,K,2
279,L,2
279,M,2
279,N,1
279,P,1
279,Q,3
279,R,2
279,S,1
279,T,0
279,V,2
279,W,3
279,Y,2
280,*,1
280,-,3
280,A,2
280,C,3
280,D,2
280,E,1
280,F,3
280,G,2
280,H,2
280,I,1
280,K,0
280,L,2
280,M,2
280,N,1
280,P,2
280,Q,1
280,R,1
280,S,2
280,T,1
280,V,2
280,W,3
280,Y,2
281,*,1
281,-,3
281,A,2
281,C,0
281,D,2
281,E,3
281,F,1
281,G,1
281,H,2
281,I,2
281,K,3
281,L,2
281,M,3
281,N,2
281,P,2
281,Q,3
281,R,1
281,S,1
281,T,2
281,V,2
281,W,1
281,Y,1
282,*,1
282,-,3
282,A,2
282,C,3
282,D,2
282,E,1
282,F,3
282,G,2
282,H,1
282,I,2
282,K,1
282,L,1
282,M,3
282,N,2
282,P,1
282,Q,0
282,R,1
282,S,2
282,T,2
282,V,2
282,W,3
282,Y,2
283,*,3
283,-,3
283,A,1
283,C,2
283,D,2
283,E,3
283,F,2
283,G,2
283,H,2
283,I,1
283,K,2
283,L,2
283,M,2
283,N,1
283,P,1
283,Q,3
283,R,2
283,S,1
283,T,0
283,V,2
283,W,3
283,Y,2
284,*,2
284,-,3
284,A,1
284,C,3
284,D,3
284,E,2
284,F,3
284,G,2
284,H,2
284,I,2
284,K,2
284,L,1
284,M,3
284,N,3
284,P,0
284,Q,1
284,R,1
284,S,1
284,T,1
284,V,2
284,W,3
284,Y,3
285,*,2
285,-,3
285,A,1
285,C,3
285,D,2
285,E,1
285,F,2
285,G,1
285,H,3
285,I,1
285,K,2
285,L,1
285,M,2
285,N,3
285,P,2
285,Q,2
285,R,2
285,S,2
285,T,2
285,V,0
285,W,3
285,Y,3
286,*,2
286,-,3
286,A,1
286,C,1
286,D,1
286,E,2
286,F,2
286,G,0
286,H,2
286,I,2
286,K,3
286,L,2
286,M,3
286,N,2
286,P,2
286,Q,3
286,R,1
286,S,1
286,T,2
286,V,1
286,W,2
286,Y,2
287,*,2
287,-,3
287,A,0
287,C,3
287,D,2
287,E,1
287,F,3
287,G,1
287,H,3
287,I,3
287,K,2
287,L,2
287,M,2
287,N,3
287,P,1
287,Q,2
287,R,2
287,S,1
287,T,1
287,V,1
287,W,2
287,Y,3
288,*,2
288,-,3
288,A,2
288,C,3
288,D,3
288,E,2
288,F,2
288,G,2
288,H,3
288,I,0
288,K,1
288,L,1
288,M,1
288,N,2
288,P,2
288,Q,2
288,R,1
288,S,2
288,T,1
288,V,1
288,W,3
288,Y,3
289,*,2
289,-,3
289,A,2
289,C,2
289,D,1
289,E,2
289,F,2
289,G,2
289,H,1
289,I,1
289,K,1
289,L,2
289,M,2
289,N,0
289,P,2
289,Q,2
289,R,2
289,S,1
289,T,1
289,V,2
289,W,3
289,Y,1
290,*,2
290,-,3
290,A,1
290,C,1
290,D,2
290,E,3
290,F,1
290,G,2
290,H,2
290,I,2
290,K,3
290,L,2
290,M,3
290,N,2
290,P,1
290,Q,3
290,R,2
290,S,0
290,T,1
290,V,2
290,W,2
290,Y,1
291,*,2
291,-,3
291,A,2
291,C,1
291,D,2
291,E,3
291,F,2
291,G,1
291,H,2
291,I,1
291,K,2
291,L,2
291,M,2
291,N,1
291,P,2
291,Q,3
291,R,1
291,S,0
291,T,1
291,V,2
291,W,2
291,Y,2
292,*,2
292,-,3
292,A,2
292,C,3
292,D,3
292,E,2
292,F,2
292,G,2
292,H,3
292,I,1
292,K,1
292,L,1
292,M,0
292,N,2
292,P,2
292,Q,2
292,R,1
292,S,2
292,T,1
292,V,1
292,W,2
292,Y,3
293,*,2
293,-,3
293,A,1
293,C,3
293,D,3
293,E,2
293,F,3
293,G,2
293,H,2
293,I,2
293,K,2
293,L,1
293,M,3
293,N,3
293,P,0
293,Q,1
293,R,1
293,S,1
293,T,1
293,V,2
293,W,3
293,Y,3
294,*,2
294,-,3
294,A,2
294,C,1
294,D,2
294,E,3
294,F,0
294,G,2
294,H,2
294,I,1
294,K,3
294,L,1
294,M,2
294,N,2
294,P,2
294,Q,3
294,R,2
294,S,1
294,T,2
294,V,1
294,W,2
294,Y,1
295,*,2
295,-,3
295,A,2
295,C,2
295,D,1
295,E,2
295,F,2
295,G,2
295,H,0
295,I,2
295,K,2
295,L,1
295,M,3
295,N,1
295,P,1
295,Q,1
295,R,1
295,S,2
295,T,2
295,V,2
295,W,3
295,Y,1
296,*,2
296,-,3
296,A,2
296,C,2
296,D,1
296,E,2
296,F,2
296,G,2
296,H,1
296,I,1
296,K,1
296,L,2
296,M,2
296,N,0
296,P,2
296,Q,2
296,R,2
296,S,1
296,T,1
296,V,2
296,W,3
296,Y,1
297,*,2
297,-,3
297,A,2
297,C,3
297,D,3
297,E,2
297,F,2
297,G,2
297,H,3
297,I,0
297,K,1
297,L,1
297,M,1
297,N,2
297,P,2
297,Q,2
297,R,1
297,S,2
297,T,1
297,V,1
297,W,3
297,Y,3
298,*,2
298,-,3
298,A,2
298,C,2
298,D,1
298,E,2
298,F,2
298,G,2
298,H,0
298,I,2
298,K,2
298,L,1
298,M,3
298,N,1
298,P,1
298,Q,1
298,R,1
298,S,2
298,T,2
298,V,2
298,W,3
298,Y,1
299,*,3
299,-,3
299,A,1
299,C,2
299,D,2
299,E,3
299,F,2
299,G,2
299,H,1
299,I,2
299,K,3
299,L,1
299,M,3
299,N,2
299,P,0
299,Q,2
299,R,1
299,S,1
299,T,1
299,V,2
299,W,3
299,Y,2
300,*,3
300,-,3
300,A,2
300,C,2
300,D,2
300,E,3
300,F,1
300,G,2
300,H,1
300,I,1
300,K,3
300,L,0
300,M,2
300,N,2
300,P,1
300,Q,2
300,R,1
300,S,2
300,T,2
300,V,1
300,W,3
300,Y,2
301,*,3
301,-,3
301,A,1
301,C,2
301,D,2
301,E,3
301,F,2
301,G,2
301,H,2
301,I,1
301,K,2
301,L,2
301,M,2
301,N,1
301,P,1
301,Q,3
301,R,2
301,S,1
301,T,0
301,V,2
301,W,3
301,Y,2
302,*,3
302,-,3
302,A,2
302,C,2
302,D,2
302,E,3
302,F,1
302,G,2
302,H,2
302,I,0
302,K,2
302,L,1
302,M,1
302,N,1
302,P,2
302,Q,3
302,R,2
302,S,1
302,T,1
302,V,1
302,W,3
302,Y,2
303,*,2
303,-,3
303,A,1
303,C,2
303,D,2
303,E,1
303,F,3
303,G,0
303,H,3
303,I,3
303,K,2
303,L,2
303,M,2
303,N,3
303,P,2
303,Q,2
303,R,1
303,S,2
303,T,2
303,V,1
303,W,1
303,Y,3
304,*,1
304,-,3
304,A,1
304,C,3
304,D,1
304,E,0
304,F,3
304,G,1
304,H,2
304,I,2
304,K,1
304,L,2
304,M,3
304,N,2
304,P,2
304,Q,1
304,R,2
304,S,2
304,T,2
304,V,1
304,W,3
304,Y,2
305,*,1
305,-,3
305,A,2
305,C,0
305,D,2
305,E,3
305,F,1
305,G,1
305,H,2
305,I,2
305,K,3
305,L,2
305,M,3
305,N,2
305,P,2
305,Q,3
305,R,1
305,S,1
305,T,2
305,V,2
305,W,1
305,Y,1
306,*,3
306,-,3
306,A,1
306,C,2
306,D,2
306,E,3
306,F,2
306,G,2
306,H,1
306,I,2
306,K,3
306,L,1
306,M,3
306,N,2
306,P,0
306,Q,2
306,R,1
306,S,1
306,T,1
306,V,2
306,W,3
306,Y,2
307,*,1
307,-,3
307,A,2
307,C,3
307,D,2
307,E,1
307,F,3
307,G,2
307,H,2
307,I,1
307,K,0
307,L,2
307,M,2
307,N,1
307,P,2
307,Q,1
307,R,1
307,S,2
307,T,1
307,V,2
307,W,3
307,Y,2
308,*,1
308,-,3
308,A,2
308,C,1
308,D,1
308,E,2
308,F,1
308,G,2
308,H,1
308,I,2
308,K,2
308,L,2
308,M,3
308,N,1
308,P,2
308,Q,2
308,R,2
308,S,1
308,T,2
308,V,2
308,W,2
308,Y,0
309,*,2
309,-,3
309,A,1
309,C,3
309,D,2
309,E,1
309,F,2
309,G,1
309,H,3
309,I,2
309,K,2
309,L,1
309,M,1
309,N,3
309,P,2
309,Q,2
309,R,2
309,S,2
309,T,2
309,V,0
309,W,2
309,Y,3
310,*,1
310,-,3
310,A,2
310,C,3
310,D,2
310,E,1
310,F,3
310,G,2
310,H,2
310,I,2
310,K,0
310,L,2
310,M,1
310,N,1
310,P,2
310,Q,1
310,R,1
310,S,2
310,T,1
310,V,2
310,W,2
310,Y,2
311,*,1
311,-,3
311,A,1
311,C,2
311,D,3
311,E,2
311,F,2
311,G,2
311,H,3
311,I,2
311,K,2
311,L,1
311,M,3
311,N,3
311,P,1
311,Q,2
311,R,2
311,S,0
311,T,1
311,V,2
311,W,2
311,Y,2
312,*,2
312,-,3
312,A,2
312,C,2
312,D,1
312,E,2
312,F,2
312,G,2
312,H,1
312,I,1
312,K,1
312,L,2
312,M,2
312,N,0
312,P,2
312,Q,2
312,R,2
312,S,1
312,T,1
312,V,2
312,W,3
312,Y,1
313,*,1
313,-,3
313,A,2
313,C,3
313,D,2
313,E,1
313,F,3
313,G,2
313,H,2
313,I,2
313,K,0
313,L,2
313,M,1
313,N,1
313,P,2
313,Q,1
313,R,1
313,S,2
313,T,1
313,V,2
313,W,2
313,Y,2
314,*,1
314,-,3
314,A,2
314,C,2
314,D,3
314,E,2
314,F,1
314,G,2
314,H,3
314,I,2
314,K,2
314,L,0
314,M,1
314,N,3
314,P,2
314,Q,2
314,R,2
314,S,1
314,T,2
314,V,1
314,W,1
314,Y,2
315,*,3
315,-,3
315,A,1
315,C,2
315,D,1
315,E,2
315,F,1
315,G,1
315,H,2
315,I,1
315,K,3
315,L,1
315,M,2
315,N,2
315,P,2
315,Q,3
315,R,2
315,S,2
315,T,2
315,V,0
315,W,3
315,Y,2
316,*,3
316,-,3
316,A,2
316,C,2
316,D,2
316,E,3
316,F,1
316,G,2
316,H,1
316,I,1
316,K,3
316,L,0
316,M,2
316,N,2
316,P,1
316,Q,2
316,R,1
316,S,2
316,T,2
316,V,1
316,W,3
316,Y,2
317,*,2
317,-,3
317,A,0
317,C,3
317,D,2
317,E,1
317,F,3
317,G,1
317,H,3
317,I,3
317,K,2
317,L,2
317,M,2
317,N,3
317,P,1
317,Q,2
317,R,2
317,S,1
317,T,1
317,V,1
317,W,2
317,Y,3
318,*,3
318,-,3
318,A,1
318,C,2
318,D,2
318,E,3
318,F,2
318,G,2
318,H,2
318,I,1
318,K,2
318,L,2
318,M,2
318,N,1
318,P,1
318,Q,3
318,R,2
318,S,1
318,T,0
318,V,2
318,W,3
318,Y,2
319,*,2
319,-,3
319,A,1
319,C,2
319,D,2
319,E,1
319,F,3
319,G,0
319,H,3
319,I,3
319,K,2
319,L,2
319,M,2
319,N,3
319,P,2
319,Q,2
319,R,1
319,S,2
319,T,2
319,V,1
319,W,1
319,Y,3
320,*,3
320,-,3
320,A,2
320,C,2
320,D,2
320,E,3
320,F,1
320,G,2
320,H,1
320,I,1
320,K,3
320,L,0
320,M,2
320,N,2
320,P,1
320,Q,2
320,R,1
320,S,2
320,T,2
320,V,1
320,W,3
320,Y,2
321,*,1
321,-,3
321,A,2
321,C,2
321,D,3
321,E,2
321,F,3
321,G,1
321,H,3
321,I,1
321,K,1
321,L,2
321,M,2
321,N,2
321,P,2
321,Q,2
321,R,0
321,S,1
321,T,1
321,V,2
321,W,2
321,Y,3
322,*,2
322,-,3
322,A,2
322,C,2
322,D,1
322,E,2
322,F,2
322,G,2
322,H,1
322,I,1
322,K,1
322,L,2
322,M,2
322,N,0
322,P,2
322,Q,2
322,R,2
322,S,1
322,T,1
322,V,2
322,W,3
322,Y,1
323,*,2
323,-,3
323,A,2
323,C,1
323,D,2
323,E,3
323,F,2
323,G,1
323,H,2
323,I,1
323,K,2
323,L,2
323,M,2
323,N,1
323,P,2
323,Q,3
323,R,1
323,S,0
323,T,1
323,V,2
323,W,2
323,Y,2
324,*,3
324,-,3
324,A,1
324,C,2
324,D,2
324,E,3
324,F,2
324,G,2
324,H,1
324,I,2
324,K,3
324,L,1
324,M,3
324,N,2
324,P,0
324,Q,2
324,R,1
324,S,1
324,T,1
324,V,2
324,W,3
324,Y,2
325,*,2
325,-,3
325,A,2
325,C,3
325,D,3
325,E,2
325,F,2
325,G,2
325,H,2
325,I,1
325,K,2
325,L,0
325,M,2
325,N,3
325,P,1
325,Q,1
325,R,1
325,S,2
325,T,2
325,V,1
325,W,3
325,Y,3
326,*,1
326,-,3
326,A,2
326,C,2
326,D,3
326,E,2
326,F,3
326,G,1
326,H,3
326,I,1
326,K,1
326,L,2
326,M,2
326,N,2
326,P,2
326,Q,2
326,R,0
326,S,1
326,T,1
326,V,2
326,W,2
326,Y,3
327,*,1
327,-,3
327,A,1
327,C,3
327,D,1
327,E,0
327,F,3
327,G,1
327,H,2
327,I,2
327,K,1
327,L,2
327,M,3
327,N,2
327,P,2
327,Q,1
327,R,2
327,S,2
327,T,2
327,V,1
327,W,3
327,Y,2
328,*,1
328,-,3
328,A,2
328,C,3
328,D,2
328,E,1
328,F,3
328,G,2
328,H,2
328,I,2
328,K,0
328,L,2
328,M,1
328,N,1
328,P,2
328,Q,1
328,R,1
328,S,2
328,T,1
328,V,2
328,W,2
328,Y,2
328a,*,1
328a,-,3
328a,A,2
328a,C,2
328a,D,3
328a,E,2
328a,F,3
328a,G,1
328a,H,3
328a,I,1
328a,K,1
328a,L,2
328a,M,2
328a,N,2
328a,P,2
328a,Q,2
328a,R,0
328a,S,1
328a,T,1
328a,V,2
328a,W,2
328a,Y,3
328b,*,1
328b,-,3
328b,A,2
328b,C,2
328b,D,3
328b,E,2
328b,F,3
328b,G,1
328b,H,3
328b,I,1
328b,K,1
328b,L,2
328b,M,2
328b,N,2
328b,P,2
328b,Q,2
328b,R,0
328b,S,1
328b,T,1
328b,V,2
328b,W,2
328b,Y,3
328c,*,1
328c,-,3
328c,A,2
328c,C,3
328c,D,2
328c,E,1
328c,F,3
328c,G,2
328c,H,2
328c,I,1
328c,K,0
328c,L,2
328c,M,2
328c,N,1
328c,P,2
328c,Q,1
328c,R,1
328c,S,2
328c,T,1
328c,V,2
328c,W,3
328c,Y,2
329,*,1
329,-,3
329,A,2
329,C,2
329,D,3
329,E,2
329,F,3
329,G,1
329,H,3
329,I,1
329,K,1
329,L,2
329,M,2
329,N,2
329,P,2
329,Q,2
329,R,0
329,S,1
329,T,1
329,V,2
329,W,2
329,Y,3
330,*,2
330,-,3
330,A,1
330,C,1
330,D,1
330,E,2
330,F,2
330,G,0
330,H,2
330,I,2
330,K,3
330,L,2
330,M,3
330,N,2
330,P,2
330,Q,3
330,R,1
330,S,1
330,T,2
330,V,1
330,W,2
330,Y,2
331,*,2
331,-,3
331,A,2
331,C,3
331,D,3
331,E,2
331,F,2
331,G,2
331,H,2
331,I,2
331,K,2
331,L,0
331,M,1
331,N,3
331,P,1
331,Q,1
331,R,1
331,S,2
331,T,2
331,V,1
331,W,2
331,Y,3
332,*,2
332,-,3
332,A,2
332,C,1
332,D,2
332,E,3
332,F,0
332,G,2
332,H,2
332,I,1
332,K,3
332,L,1
332,M,2
332,N,2
332,P,2
332,Q,3
332,R,2
332,S,1
332,T,2
332,V,1
332,W,2
332,Y,1
333,*,2
333,-,3
333,A,1
333,C,2
333,D,2
333,E,1
333,F,3
333,G,0
333,H,3
333,I,3
333,K,2
333,L,2
333,M,2
333,N,3
333,P,2
333,Q,2
333,R,1
333,S,2
333,T,2
333,V,1
333,W,1
333,Y,3
334,*,2
334,-,3
334,A,0
334,C,3
334,D,2
334,E,1
334,F,3
334,G,1
334,H,3
334,I,3
334,K,2
334,L,2
334,M,2
334,N,3
334,P,1
334,Q,2
334,R,2
334,S,1
334,T,1
334,V,1
334,W,2
334,Y,3
335,*,2
335,-,3
335,A,2
335,C,3
335,D,3
335,E,2
335,F,2
335,G,2
335,H,3
335,I,0
335,K,1
335,L,1
335,M,1
335,N,2
335,P,2
335,Q,2
335,R,1
335,S,2
335,T,1
335,V,1
335,W,3
335,Y,3
336,*,2
336,-,3
336,A,0
336,C,3
336,D,2
336,E,1
336,F,3
336,G,1
336,H,3
336,I,2
336,K,2
336,L,2
336,M,3
336,N,3
336,P,1
336,Q,2
336,R,2
336,S,1
336,T,1
336,V,1
336,W,3
336,Y,3
337,*,2
337,-,3
337,A,1
337,C,2
337,D,2
337,E,1
337,F,3
337,G,0
337,H,3
337,I,3
337,K,2
337,L,2
337,M,2
337,N,3
337,P,2
337,Q,2
337,R,1
337,S,2
337,T,2
337,V,1
337,W,1
337,Y,3
338,*,2
338,-,3
338,A,2
338,C,1
338,D,2
338,E,3
338,F,0
338,G,2
338,H,2
338,I,1
338,K,3
338,L,1
338,M,2
338,N,2
338,P,2
338,Q,3
338,R,2
338,S,1
338,T,2
338,V,1
338,W,2
338,Y,1
339,*,2
339,-,3
339,A,2
339,C,3
339,D,3
339,E,2
339,F,2
339,G,2
339,H,3
339,I,0
339,K,1
339,L,1
339,M,1
339,N,2
339,P,2
339,Q,2
339,R,1
339,S,2
339,T,1
339,V,1
339,W,3
339,Y,3
340,*,1
340,-,3
340,A,1
340,C,3
340,D,1
340,E,0
340,F,3
340,G,1
340,H,2
340,I,3
340,K,1
340,L,2
340,M,2
340,N,2
340,P,2
340,Q,1
340,R,2
340,S,2
340,T,2
340,V,1
340,W,2
340,Y,2
341,*,1
341,-,3
341,A,1
341,C,2
341,D,2
341,E,1
341,F,3
341,G,0
341,H,3
341,I,2
341,K,2
341,L,2
341,M,3
341,N,3
341,P,2
341,Q,2
341,R,1
341,S,2
341,T,2
341,V,1
341,W,2
341,Y,3
342,*,1
342,-,3
342,A,1
342,C,2
342,D,2
342,E,1
342,F,3
342,G,0
342,H,3
342,I,2
342,K,2
342,L,2
342,M,3
342,N,3
342,P,2
342,Q,2
342,R,1
342,S,2
342,T,2
342,V,1
342,W,2
342,Y,3
343,*,1
343,-,3
343,A,2
343,C,1
343,D,3
343,E,2
343,F,2
343,G,1
343,H,3
343,I,3
343,K,2
343,L,1
343,M,2
343,N,3
343,P,2
343,Q,2
343,R,1
343,S,1
343,T,2
343,V,2
343,W,0
343,Y,2
344,*,1
344,-,3
344,A,2
344,C,3
344,D,2
344,E,1
344,F,3
344,G,2
344,H,1
344,I,3
344,K,1
344,L,1
344,M,2
344,N,2
344,P,1
344,Q,0
344,R,1
344,S,2
344,T,2
344,V,2
344,W,2
344,Y,2
345,*,1
345,-,3
345,A,1
345,C,2
345,D,2
345,E,1
345,F,3
345,G,0
345,H,3
345,I,2
345,K,2
345,L,2
345,M,3
345,N,3
345,P,2
345,Q,2
345,R,1
345,S,2
345,T,2
345,V,1
345,W,2
345,Y,3
346,*,2
346,-,3
346,A,2
346,C,3
346,D,3
346,E,2
346,F,2
346,G,2
346,H,3
346,I,1
346,K,1
346,L,1
346,M,0
346,N,2
346,P,2
346,Q,2
346,R,1
346,S,2
346,T,1
346,V,1
346,W,2
346,Y,3
347,*,3
347,-,3
347,A,1
347,C,2
347,D,1
347,E,2
347,F,1
347,G,1
347,H,2
347,I,1
347,K,3
347,L,1
347,M,2
347,N,2
347,P,2
347,Q,3
347,R,2
347,S,2
347,T,2
347,V,0
347,W,3
347,Y,2
348,*,2
348,-,3
348,A,1
348,C,2
348,D,0
348,E,1
348,F,2
348,G,1
348,H,1
348,I,2
348,K,2
348,L,2
348,M,3
348,N,1
348,P,2
348,Q,2
348,R,2
348,S,2
348,T,2
348,V,1
348,W,3
348,Y,1
349,*,2
349,-,3
349,A,1
349,C,1
349,D,1
349,E,2
349,F,2
349,G,0
349,H,2
349,I,2
349,K,3
349,L,2
349,M,3
349,N,2
349,P,2
349,Q,3
349,R,1
349,S,1
349,T,2
349,V,1
349,W,2
349,Y,2
350,*,1
350,-,3
350,A,2
350,C,1
350,D,3
350,E,2
350,F,2
350,G,1
350,H,3
350,I,3
350,K,2
350,L,1
350,M,2
350,N,3
350,P,2
350,Q,2
350,R,1
350,S,1
350,T,2
350,V,2
350,W,0
350,Y,2
351,*,1
351,-,3
351,A,2
351,C,1
351,D,1
351,E,2
351,F,1
351,G,2
351,H,1
351,I,2
351,K,2
351,L,2
351,M,3
351,N,1
351,P,2
351,Q,2
351,R,2
351,S,1
351,T,2
351,V,2
351,W,2
351,Y,0
352,*,2
352,-,3
352,A,1
352,C,2
352,D,2
352,E,1
352,F,3
352,G,0
352,H,3
352,I,3
352,K,2
352,L,2
352,M,2
352,N,3
352,P,2
352,Q,2
352,R,1
352,S,2
352,T,2
352,V,1
352,W,1
352,Y,3
353,*,1
353,-,3
353,A,2
353,C,1
353,D,1
353,E,2
353,F,1
353,G,2
353,H,1
353,I,2
353,K,2
353,L,2
353,M,3
353,N,1
353,P,2
353,Q,2
353,R,2
353,S,1
353,T,2
353,V,2
353,W,2
353,Y,0
354,*,2
354,-,3
354,A,2
354,C,2
354,D,1
354,E,2
354,F,2
354,G,2
354,H,0
354,I,2
354,K,2
354,L,1
354,M,3
354,N,1
354,P,1
354,Q,1
354,R,1
354,S,2
354,T,2
354,V,2
354,W,3
354,Y,1
355,*,2
355,-,3
355,A,2
355,C,2
355,D,1
355,E,2
355,F,2
355,G,2
355,H,0
355,I,2
355,K,2
355,L,1
355,M,3
355,N,1
355,P,1
355,Q,1
355,R,1
355,S,2
355,T,2
355,V,2
355,W,3
355,Y,1
356,*,2
356,-,3
356,A,2
356,C,1
356,D,2
356,E,3
356,F,2
356,G,1
356,H,2
356,I,1
356,K,2
356,L,2
356,M,2
356,N,1
356,P,2
356,Q,3
356,R,1
356,S,0
356,T,1
356,V,2
356,W,2
356,Y,2
357,*,2
357,-,3
357,A,2
357,C,2
357,D,1
357,E,2
357,F,2
357,G,2
357,H,1
357,I,1
357,K,1
357,L,2
357,M,2
357,N,0
357,P,2
357,Q,2
357,R,2
357,S,1
357,T,1
357,V,2
357,W,3
357,Y,1
358,*,1
358,-,3
358,A,1
358,C,3
358,D,1
358,E,0
358,F,3
358,G,1
358,H,2
358,I,3
358,K,1
358,L,2
358,M,2
358,N,2
358,P,2
358,Q,1
358,R,2
358,S,2
358,T,2
358,V,1
358,W,2
358,Y,2
359,*,1
359,-,3
359,A,2
359,C,3
359,D,2
359,E,1
359,F,3
359,G,2
359,H,1
359,I,3
359,K,1
359,L,1
359,M,2
359,N,2
359,P,1
359,Q,0
359,R,1
359,S,2
359,T,2
359,V,2
359,W,2
359,Y,2
360,*,2
360,-,3
360,A,1
360,C,2
360,D,2
360,E,1
360,F,3
360,G,0
360,H,3
360,I,3
360,K,2
360,L,2
360,M,2
360,N,3
360,P,2
360,Q,2
360,R,1
360,S,2
360,T,2
360,V,1
360,W,1
360,Y,3
361,*,2
361,-,3
361,A,2
361,C,1
361,D,2
361,E,3
361,F,2
361,G,1
361,H,2
361,I,1
361,K,2
361,L,2
361,M,2
361,N,1
361,P,2
361,Q,3
361,R,1
361,S,0
361,T,1
361,V,2
361,W,2
361,Y,2
362,*,2
362,-,3
362,A,1
362,C,2
362,D,2
362,E,1
362,F,3
362,G,0
362,H,3
362,I,3
362,K,2
362,L,2
362,M,2
362,N,3
362,P,2
362,Q,2
362,R,1
362,S,2
362,T,2
362,V,1
362,W,1
362,Y,3
363,*,1
363,-,3
363,A,2
363,C,1
363,D,1
363,E,2
363,F,1
363,G,2
363,H,1
363,I,2
363,K,2
363,L,2
363,M,3
363,N,1
363,P,2
363,Q,2
363,R,2
363,S,1
363,T,2
363,V,2
363,W,2
363,Y,0
364,*,3
364,-,3
364,A,0
364,C,2
364,D,1
364,E,2
364,F,2
364,G,1
364,H,2
364,I,2
364,K,3
364,L,2
364,M,3
364,N,2
364,P,1
364,Q,3
364,R,2
364,S,1
364,T,1
364,V,1
364,W,3
364,Y,2
365,*,2
365,-,3
365,A,0
365,C,3
365,D,2
365,E,1
365,F,3
365,G,1
365,H,3
365,I,3
365,K,2
365,L,2
365,M,2
365,N,3
365,P,1
365,Q,2
365,R,2
365,S,1
365,T,1
365,V,1
365,W,2
365,Y,3
366,*,2
366,-,3
366,A,1
366,C,2
366,D,0
366,E,1
366,F,2
366,G,1
366,H,1
366,I,2
366,K,2
366,L,2
366,M,3
366,N,1
366,P,2
366,Q,2
366,R,2
366,S,2
366,T,2
366,V,1
366,W,3
366,Y,1
367,*,1
367,-,3
367,A,2
367,C,3
367,D,2
367,E,1
367,F,3
367,G,2
367,H,2
367,I,1
367,K,0
367,L,2
367,M,2
367,N,1
367,P,2
367,Q,1
367,R,1
367,S,2
367,T,1
367,V,2
367,W,3
367,Y,2
368,*,1
368,-,3
368,A,1
368,C,3
368,D,1
368,E,0
368,F,3
368,G,1
368,H,2
368,I,2
368,K,1
368,L,2
368,M,3
368,N,2
368,P,2
368,Q,1
368,R,2
368,S,2
368,T,2
368,V,1
368,W,3
368,Y,2
369,*,2
369,-,3
369,A,1
369,C,1
369,D,2
369,E,3
369,F,1
369,G,2
369,H,2
369,I,2
369,K,3
369,L,2
369,M,3
369,N,2
369,P,1
369,Q,3
369,R,2
369,S,0
369,T,1
369,V,2
369,W,2
369,Y,1
370,*,3
370,-,3
370,A,1
370,C,2
370,D,2
370,E,3
370,F,2
370,G,2
370,H,2
370,I,1
370,K,2
370,L,2
370,M,2
370,N,1
370,P,1
370,Q,3
370,R,2
370,S,1
370,T,0
370,V,2
370,W,3
370,Y,2
371,*,1
371,-,3
371,A,2
371,C,3
371,D,2
371,E,1
371,F,3
371,G,2
371,H,1
371,I,2
371,K,1
371,L,1
371,M,3
371,N,2
371,P,1
371,Q,0
371,R,1
371,S,2
371,T,2
371,V,2
371,W,3
371,Y,2
372,*,1
372,-,3
372,A,2
372,C,3
372,D,2
372,E,1
372,F,3
372,G,2
372,H,2
372,I,2
372,K,0
372,L,2
372,M,1
372,N,1
372,P,2
372,Q,1
372,R,1
372,S,2
372,T,1
372,V,2
372,W,2
372,Y,2
373,*,2
373,-,3
373,A,0
373,C,3
373,D,2
373,E,1
373,F,3
373,G,1
373,H,3
373,I,2
373,K,2
373,L,2
373,M,3
373,N,3
373,P,1
373,Q,2
373,R,2
373,S,1
373,T,1
373,V,1
373,W,3
373,Y,3
374,*,2
374,-,3
374,A,2
374,C,3
374,D,3
374,E,2
374,F,2
374,G,2
374,H,3
374,I,0
374,K,1
374,L,1
374,M,1
374,N,2
374,P,2
374,Q,2
374,R,1
374,S,2
374,T,1
374,V,1
374,W,3
374,Y,3
375,*,2
375,-,3
375,A,1
375,C,2
375,D,0
375,E,1
375,F,2
375,G,1
375,H,1
375,I,2
375,K,2
375,L,2
375,M,3
375,N,1
375,P,2
375,Q,2
375,R,2
375,S,2
375,T,2
375,V,1
375,W,3
375,Y,1
376,*,1
376,-,3
376,A,1
376,C,2
376,D,2
376,E,1
376,F,3
376,G,0
376,H,3
376,I,2
376,K,2
376,L,2
376,M,3
376,N,3
376,P,2
376,Q,2
376,R,1
376,S,2
376,T,2
376,V,1
376,W,2
376,Y,3
377,*,3
377,-,3
377,A,1
377,C,2
377,D,1
377,E,2
377,F,1
377,G,1
377,H,2
377,I,1
377,K,3
377,L,1
377,M,2
377,N,2
377,P,2
377,Q,3
377,R,2
377,S,2
377,T,2
377,V,0
377,W,3
377,Y,2
378,*,3
378,-,3
378,A,1
378,C,2
378,D,2
378,E,3
378,F,2
378,G,2
378,H,2
378,I,1
378,K,2
378,L,2
378,M,2
378,N,1
378,P,1
378,Q,3
378,R,2
378,S,1
378,T,0
378,V,2
378,W,3
378,Y,2
379,*,2
379,-,3
379,A,2
379,C,2
379,D,1
379,E,2
379,F,2
379,G,2
379,H,1
379,I,1
379,K,1
379,L,2
379,M,2
379,N,0
379,P,2
379,Q,2
379,R,2
379,S,1
379,T,1
379,V,2
379,W,3
379,Y,1
380,*,1
380,-,3
380,A,2
380,C,3
380,D,2
380,E,1
380,F,3
380,G,2
380,H,2
380,I,2
380,K,0
380,L,2
380,M,1
380,N,1
380,P,2
380,Q,1
380,R,1
380,S,2
380,T,1
380,V,2
380,W,2
380,Y,2
381,*,3
381,-,3
381,A,1
381,C,2
381,D,1
381,E,2
381,F,1
381,G,1
381,H,2
381,I,1
381,K,3
381,L,1
381,M,2
381,N,2
381,P,2
381,Q,3
381,R,2
381,S,2
381,T,2
381,V,0
381,W,3
381,Y,2
382,*,2
382,-,3
382,A,2
382,C,2
382,D,1
382,E,2
382,F,2
382,G,2
382,H,1
382,I,1
382,K,1
382,L,2
382,M,2
382,N,0
382,P,2
382,Q,2
382,R,2
382,S,1
382,T,1
382,V,2
382,W,3
382,Y,1
383,*,1
383,-,3
383,A,1
383,C,2
383,D,3
383,E,2
383,F,2
383,G,2
383,H,3
383,I,2
383,K,2
383,L,1
383,M,3
383,N,3
383,P,1
383,Q,2
383,R,2
383,S,0
383,T,1
383,V,2
383,W,2
383,Y,2
384,*,3
384,-,3
384,A,2
384,C,2
384,D,2
384,E,3
384,F,1
384,G,2
384,H,2
384,I,0
384,K,2
384,L,1
384,M,1
384,N,1
384,P,2
384,Q,3
384,R,2
384,S,1
384,T,1
384,V,1
384,W,3
384,Y,2
385,*,3
385,-,3
385,A,2
385,C,2
385,D,2
385,E,3
385,F,1
385,G,2
385,H,2
385,I,0
385,K,2
385,L,1
385,M,1
385,N,1
385,P,2
385,Q,3
385,R,2
385,S,1
385,T,1
385,V,1
385,W,3
385,Y,2
386,*,2
386,-,3
386,A,1
386,C,2
386,D,0
386,E,1
386,F,2
386,G,1
386,H,1
386,I,2
386,K,2
386,L,2
386,M,3
386,N,1
386,P,2
386,Q,2
386,R,2
386,S,2
386,T,2
386,V,1
386,W,3
386,Y,1
387,*,1
387,-,3
387,A,2
387,C,3
387,D,2
387,E,1
387,F,3
387,G,2
387,H,2
387,I,1
387,K,0
387,L,2
387,M,2
387,N,1
387,P,2
387,Q,1
387,R,1
387,S,2
387,T,1
387,V,2
387,W,3
387,Y,2
388,*,2
388,-,3
388,A,2
388,C,3
388,D,3
388,E,2
388,F,2
388,G,2
388,H,3
388,I,1
388,K,1
388,L,1
388,M,0
388,N,2
388,P,2
388,Q,2
388,R,1
388,S,2
388,T,1
388,V,1
388,W,2
388,Y,3
389,*,2
389,-,3
389,A,2
389,C,2
389,D,1
389,E,2
389,F,2
389,G,2
389,H,1
389,I,1
389,K,1
389,L,2
389,M,2
389,N,0
389,P,2
389,Q,2
389,R,2
389,S,1
389,T,1
389,V,2
389,W,3
389,Y,1
390,*,3
390,-,3
390,A,1
390,C,2
390,D,2
390,E,3
390,F,2
390,G,2
390,H,2
390,I,1
390,K,2
390,L,2
390,M,2
390,N,1
390,P,1
390,Q,3
390,R,2
390,S,1
390,T,0
390,V,2
390,W,3
390,Y,2
391,*,1
391,-,3
391,A,2
391,C,3
391,D,2
391,E,1
391,F,3
391,G,2
391,H,1
391,I,2
391,K,1
391,L,1
391,M,3
391,N,2
391,P,1
391,Q,0
391,R,1
391,S,2
391,T,2
391,V,2
391,W,3
391,Y,2
392,*,2
392,-,3
392,A,2
392,C,1
392,D,2
392,E,3
392,F,0
392,G,2
392,H,2
392,I,1
392,K,3
392,L,1
392,M,2
392,N,2
392,P,2
392,Q,3
392,R,2
392,S,1
392,T,2
392,V,1
392,W,2
392,Y,1
393,*,1
393,-,3
393,A,1
393,C,3
393,D,1
393,E,0
393,F,3
393,G,1
393,H,2
393,I,3
393,K,1
393,L,2
393,M,2
393,N,2
393,P,2
393,Q,1
393,R,2
393,S,2
393,T,2
393,V,1
393,W,2
393,Y,2
394,*,2
394,-,3
394,A,0
394,C,3
394,D,2
394,E,1
394,F,3
394,G,1
394,H,3
394,I,2
394,K,2
394,L,2
394,M,3
394,N,3
394,P,1
394,Q,2
394,R,2
394,S,1
394,T,1
394,V,1
394,W,3
394,Y,3
395,*,3
395,-,3
395,A,1
395,C,2
395,D,1
395,E,2
395,F,1
395,G,1
395,H,2
395,I,1
395,K,3
395,L,1
395,M,2
395,N,2
395,P,2
395,Q,3
395,R,2
395,S,2
395,T,2
395,V,0
395,W,3
395,Y,2
396,*,1
396,-,3
396,A,1
396,C,2
396,D,2
396,E,1
396,F,3
396,G,0
396,H,3
396,I,2
396,K,2
396,L,2
396,M,3
396,N,3
396,P,2
396,Q,2
396,R,1
396,S,2
396,T,2
396,V,1
396,W,2
396,Y,3
397,*,2
397,-,3
397,A,2
397,C,2
397,D,3
397,E,2
397,F,3
397,G,1
397,H,3
397,I,2
397,K,1
397,L,2
397,M,1
397,N,2
397,P,2
397,Q,2
397,R,0
397,S,1
397,T,1
397,V,2
397,W,1
397,Y,3
398,*,1
398,-,3
398,A,1
398,C,3
398,D,1
398,E,0
398,F,3
398,G,1
398,H,2
398,I,3
398,K,1
398,L,2
398,M,2
398,N,2
398,P,2
398,Q,1
398,R,2
398,S,2
398,T,2
398,V,1
398,W,2
398,Y,2
399,*,2
399,-,3
399,A,2
399,C,1
399,D,2
399,E,3
399,F,0
399,G,2
399,H,2
399,I,1
399,K,3
399,L,1
399,M,2
399,N,2
399,P,2
399,Q,3
399,R,2
399,S,1
399,T,2
399,V,1
399,W,2
399,Y,1
400,*,2
400,-,3
400,A,2
400,C,2
400,D,1
400,E,2
400,F,2
400,G,2
400,H,1
400,I,1
400,K,1
400,L,2
400,M,2
400,N,0
400,P,2
400,Q,2
400,R,2
400,S,1
400,T,1
400,V,2
400,W,3
400,Y,1
401,*,2
401,-,3
401,A,2
401,C,2
401,D,1
401,E,2
401,F,2
401,G,2
401,H,1
401,I,1
401,K,1
401,L,2
401,M,2
401,N,0
401,P,2
401,Q,2
401,R,2
401,S,1
401,T,1
401,V,2
401,W,3
401,Y,1
402,*,1
402,-,3
402,A,2
402,C,2
402,D,3
402,E,2
402,F,1
402,G,2
402,H,3
402,I,1
402,K,2
402,L,0
402,M,2
402,N,3
402,P,2
402,Q,2
402,R,2
402,S,1
402,T,2
402,V,1
402,W,2
402,Y,2
403,*,1
403,-,3
403,A,1
403,C,3
403,D,1
403,E,0
403,F,3
403,G,1
403,H,2
403,I,2
403,K,1
403,L,2
403,M,3
403,N,2
403,P,2
403,Q,1
403,R,2
403,S,2
403,T,2
403,V,1
403,W,3
403,Y,2
404,*,2
404,-,3
404,A,2
404,C,2
404,D,3
404,E,2
404,F,3
404,G,1
404,H,3
404,I,2
404,K,1
404,L,2
404,M,1
404,N,2
404,P,2
404,Q,2
404,R,0
404,S,1
404,T,1
404,V,2
404,W,1
404,Y,3
405,*,2
405,-,3
405,A,2
405,C,2
405,D,3
405,E,2
405,F,3
405,G,1
405,H,3
405,I,2
405,K,1
405,L,2
405,M,1
405,N,2
405,P,2
405,Q,2
405,R,0
405,S,1
405,T,1
405,V,2
405,W,1
405,Y,3
406,*,2
406,-,3
406,A,2
406,C,3
406,D,3
406,E,2
406,F,2
406,G,2
406,H,3
406,I,0
406,K,1
406,L,1
406,M,1
406,N,2
406,P,2
406,Q,2
406,R,1
406,S,2
406,T,1
406,V,1
406,W,3
406,Y,3
407,*,1
407,-,3
407,A,1
407,C,3
407,D,1
407,E,0
407,F,3
407,G,1
407,H,2
407,I,3
407,K,1
407,L,2
407,M,2
407,N,2
407,P,2
407,Q,1
407,R,2
407,S,2
407,T,2
407,V,1
407,W,2
407,Y,2
408,*,2
408,-,3
408,A,2
408,C,2
408,D,1
408,E,2
408,F,2
408,G,2
408,H,1
408,I,1
408,K,1
408,L,2
408,M,2
408,N,0
408,P,2
408,Q,2
408,R,2
408,S,1
408,T,1
408,V,2
408,W,3
408,Y,1
409,*,1
409,-,3
409,A,2
409,C,2
409,D,3
409,E,2
409,F,1
409,G,2
409,H,3
409,I,2
409,K,2
409,L,0
409,M,1
409,N,3
409,P,2
409,Q,2
409,R,2
409,S,1
409,T,2
409,V,1
409,W,1
409,Y,2
410,*,2
410,-,3
410,A,2
410,C,2
410,D,1
410,E,2
410,F,2
410,G,2
410,H,1
410,I,1
410,K,1
410,L,2
410,M,2
410,N,0
410,P,2
410,Q,2
410,R,2
410,S,1
410,T,1
410,V,2
410,W,3
410,Y,1
411,*,1
411,-,3
411,A,2
411,C,3
411,D,2
411,E,1
411,F,3
411,G,2
411,H,2
411,I,2
411,K,0
411,L,2
411,M,1
411,N,1
411,P,2
411,Q,1
411,R,1
411,S,2
411,T,1
411,V,2
411,W,2
411,Y,2
412,*,1
412,-,3
412,A,2
412,C,3
412,D,2
412,E,1
412,F,3
412,G,2
412,H,2
412,I,1
412,K,0
412,L,2
412,M,2
412,N,1
412,P,2
412,Q,1
412,R,1
412,S,2
412,T,1
412,V,2
412,W,3
412,Y,2
413,*,2
413,-,3
413,A,2
413,C,3
413,D,3
413,E,2
413,F,2
413,G,2
413,H,3
413,I,1
413,K,1
413,L,1
413,M,0
413,N,2
413,P,2
413,Q,2
413,R,1
413,S,2
413,T,1
413,V,1
413,W,2
413,Y,3
414,*,1
414,-,3
414,A,1
414,C,3
414,D,1
414,E,0
414,F,3
414,G,1
414,H,2
414,I,2
414,K,1
414,L,2
414,M,3
414,N,2
414,P,2
414,Q,1
414,R,2
414,S,2
414,T,2
414,V,1
414,W,3
414,Y,2
415,*,2
415,-,3
415,A,1
415,C,2
415,D,0
415,E,1
415,F,2
415,G,1
415,H,1
415,I,2
415,K,2
415,L,2
415,M,3
415,N,1
415,P,2
415,Q,2
415,R,2
415,S,2
415,T,2
415,V,1
415,W,3
415,Y,1
416,*,1
416,-,3
416,A,1
416,C,2
416,D,2
416,E,1
416,F,3
416,G,0
416,H,3
416,I,2
416,K,2
416,L,2
416,M,3
416,N,3
416,P,2
416,Q,2
416,R,1
416,S,2
416,T,2
416,V,1
416,W,2
416,Y,3
417,*,2
417,-,3
417,A,2
417,C,1
417,D,2
417,E,3
417,F,0
417,G,2
417,H,2
417,I,1
417,K,3
417,L,1
417,M,2
417,N,2
417,P,2
417,Q,3
417,R,2
417,S,1
417,T,2
417,V,1
417,W,2
417,Y,1
418,*,2
418,-,3
418,A,2
418,C,3
418,D,3
418,E,2
418,F,2
418,G,2
418,H,2
418,I,1
418,K,2
418,L,0
418,M,2
418,N,3
418,P,1
418,Q,1
418,R,1
418,S,2
418,T,2
418,V,1
418,W,3
418,Y,3
419,*,2
419,-,3
419,A,1
419,C,2
419,D,0
419,E,1
419,F,2
419,G,1
419,H,1
419,I,2
419,K,2
419,L,2
419,M,3
419,N,1
419,P,2
419,Q,2
419,R,2
419,S,2
419,T,2
419,V,1
419,W,3
419,Y,1
420,*,3
420,-,3
420,A,1
420,C,2
420,D,1
420,E,2
420,F,1
420,G,1
420,H,2
420,I,1
420,K,3
420,L,1
420,M,2
420,N,2
420,P,2
420,Q,3
420,R,2
420,S,2
420,T,2
420,V,0
420,W,3
420,Y,2
421,*,1
421,-,3
421,A,2
421,C,1
421,D,3
421,E,2
421,F,2
421,G,1
421,H,3
421,I,3
421,K,2
421,L,1
421,M,2
421,N,3
421,P,2
421,Q,2
421,R,1
421,S,1
421,T,2
421,V,2
421,W,0
421,Y,2
422,*,3
422,-,3
422,A,1
422,C,2
422,D,2
422,E,3
422,F,2
422,G,2
422,H,2
422,I,1
422,K,2
422,L,2
422,M,2
422,N,1
422,P,1
422,Q,3
422,R,2
422,S,1
422,T,0
422,V,2
422,W,3
422,Y,2
423,*,1
423,-,3
423,A,2
423,C,1
423,D,1
423,E,2
423,F,1
423,G,2
423,H,1
423,I,2
423,K,2
423,L,2
423,M,3
423,N,1
423,P,2
423,Q,2
423,R,2
423,S,1
423,T,2
423,V,2
423,W,2
423,Y,0
424,*,2
424,-,3
424,A,2
424,C,2
424,D,1
424,E,2
424,F,2
424,G,2
424,H,1
424,I,1
424,K,1
424,L,2
424,M,2
424,N,0
424,P,2
424,Q,2
424,R,2
424,S,1
424,T,1
424,V,2
424,W,3
424,Y,1
425,*,3
425,-,3
425,A,0
425,C,2
425,D,1
425,E,2
425,F,2
425,G,1
425,H,2
425,I,2
425,K,3
425,L,2
425,M,3
425,N,2
425,P,1
425,Q,3
425,R,2
425,S,1
425,T,1
425,V,1
425,W,3
425,Y,2
426,*,1
426,-,3
426,A,1
426,C,3
426,D,1
426,E,0
426,F,3
426,G,1
426,H,2
426,I,2
426,K,1
426,L,2
426,M,3
426,N,2
426,P,2
426,Q,1
426,R,2
426,S,2
426,T,2
426,V,1
426,W,3
426,Y,2
427,*,3
427,-,3
427,A,2
427,C,2
427,D,2
427,E,3
427,F,1
427,G,2
427,H,1
427,I,1
427,K,3
427,L,0
427,M,2
427,N,2
427,P,1
427,Q,2
427,R,1
427,S,2
427,T,2
427,V,1
427,W,3
427,Y,2
428,*,2
428,-,3
428,A,2
428,C,3
428,D,3
428,E,2
428,F,2
428,G,2
428,H,2
428,I,1
428,K,2
428,L,0
428,M,2
428,N,3
428,P,1
428,Q,1
428,R,1
428,S,2
428,T,2
428,V,1
428,W,3
428,Y,3
429,*,3
429,-,3
429,A,1
429,C,2
429,D,1
429,E,2
429,F,1
429,G,1
429,H,2
429,I,1
429,K,3
429,L,1
429,M,2
429,N,2
429,P,2
429,Q,3
429,R,2
429,S,2
429,T,2
429,V,0
429,W,3
429,Y,2
430,*,3
430,-,3
430,A,2
430,C,2
430,D,2
430,E,3
430,F,1
430,G,2
430,H,1
430,I,1
430,K,3
430,L,0
430,M,2
430,N,2
430,P,1
430,Q,2
430,R,1
430,S,2
430,T,2
430,V,1
430,W,3
430,Y,2
431,*,2
431,-,3
431,A,2
431,C,3
431,D,3
431,E,2
431,F,2
431,G,2
431,H,3
431,I,1
431,K,1
431,L,1
431,M,0
431,N,2
431,P,2
431,Q,2
431,R,1
431,S,2
431,T,1
431,V,1
431,W,2
431,Y,3
432,*,1
432,-,3
432,A,1
432,C,3
432,D,1
432,E,0
432,F,3
432,G,1
432,H,2
432,I,2
432,K,1
432,L,2
432,M,3
432,N,2
432,P,2
432,Q,1
432,R,2
432,S,2
432,T,2
432,V,1
432,W,3
432,Y,2
433,*,2
433,-,3
433,A,2
433,C,2
433,D,1
433,E,2
433,F,2
433,G,2
433,H,1
433,I,1
433,K,1
433,L,2
433,M,2
433,N,0
433,P,2
433,Q,2
433,R,2
433,S,1
433,T,1
433,V,2
433,W,3
433,Y,1
434,*,1
434,-,3
434,A,1
434,C,3
434,D,1
434,E,0
434,F,3
434,G,1
434,H,2
434,I,3
434,K,1
434,L,2
434,M,2
434,N,2
434,P,2
434,Q,1
434,R,2
434,S,2
434,T,2
434,V,1
434,W,2
434,Y,2
435,*,2
435,-,3
435,A,2
435,C,2
435,D,3
435,E,2
435,F,3
435,G,1
435,H,3
435,I,2
435,K,1
435,L,2
435,M,1
435,N,2
435,P,2
435,Q,2
435,R,0
435,S,1
435,T,1
435,V,2
435,W,1
435,Y,3
436,*,3
436,-,3
436,A,1
436,C,2
436,D,2
436,E,3
436,F,2
436,G,2
436,H,2
436,I,1
436,K,2
436,L,2
436,M,2
436,N,1
436,P,1
436,Q,3
436,R,2
436,S,1
436,T,0
436,V,2
436,W,3
436,Y,2
437,*,2
437,-,3
437,A,2
437,C,3
437,D,3
437,E,2
437,F,2
437,G,2
437,H,2
437,I,1
437,K,2
437,L,0
437,M,2
437,N,3
437,P,1
437,Q,1
437,R,1
437,S,2
437,T,2
437,V,1
437,W,3
437,Y,3
438,*,2
438,-,3
438,A,1
438,C,2
438,D,0
438,E,1
438,F,2
438,G,1
438,H,1
438,I,2
438,K,2
438,L,2
438,M,3
438,N,1
438,P,2
438,Q,2
438,R,2
438,S,2
438,T,2
438,V,1
438,W,3
438,Y,1
439,*,2
439,-,3
439,A,2
439,C,1
439,D,2
439,E,3
439,F,0
439,G,2
439,H,2
439,I,1
439,K,3
439,L,1
439,M,2
439,N,2
439,P,2
439,Q,3
439,R,2
439,S,1
439,T,2
439,V,1
439,W,2
439,Y,1
440,*,2
440,-,3
440,A,2
440,C,2
440,D,1
440,E,2
440,F,2
440,G,2
440,H,0
440,I,2
440,K,2
440,L,1
440,M,3
440,N,1
440,P,1
440,Q,1
440,R,1
440,S,2
440,T,2
440,V,2
440,W,3
440,Y,1
441,*,2
441,-,3
441,A,1
441,C,2
441,D,0
441,E,1
441,F,2
441,G,1
441,H,1
441,I,2
441,K,2
441,L,2
441,M,3
441,N,1
441,P,2
441,Q,2
441,R,2
441,S,2
441,T,2
441,V,1
441,W,3
441,Y,1
442,*,1
442,-,3
442,A,1
442,C,2
442,D,3
442,E,2
442,F,2
442,G,2
442,H,3
442,I,2
442,K,2
442,L,1
442,M,3
442,N,3
442,P,1
442,Q,2
442,R,2
442,S,0
442,T,1
442,V,2
442,W,2
442,Y,2
443,*,2
443,-,3
443,A,2
443,C,2
443,D,1
443,E,2
443,F,2
443,G,2
443,H,1
443,I,1
443,K,1
443,L,2
443,M,2
443,N,0
443,P,2
443,Q,2
443,R,2
443,S,1
443,T,1
443,V,2
443,W,3
443,Y,1
444,*,3
444,-,3
444,A,1
444,C,2
444,D,1
444,E,2
444,F,1
444,G,1
444,H,2
444,I,1
444,K,3
444,L,1
444,M,2
444,N,2
444,P,2
444,Q,3
444,R,2
444,S,2
444,T,2
444,V,0
444,W,3
444,Y,2
445,*,1
445,-,3
445,A,2
445,C,3
445,D,2
445,E,1
445,F,3
445,G,2
445,H,2
445,I,2
445,K,0
445,L,2
445,M,1
445,N,1
445,P,2
445,Q,1
445,R,1
445,S,2
445,T,1
445,V,2
445,W,2
445,Y,2
446,*,2
446,-,3
446,A,2
446,C,2
446,D,1
446,E,2
446,F,2
446,G,2
446,H,1
446,I,1
446,K,1
446,L,2
446,M,2
446,N,0
446,P,2
446,Q,2
446,R,2
446,S,1
446,T,1
446,V,2
446,W,3
446,Y,1
447,*,3
447,-,3
447,A,2
447,C,2
447,D,2
447,E,3
447,F,1
447,G,2
447,H,1
447,I,1
447,K,3
447,L,0
447,M,2
447,N,2
447,P,1
447,Q,2
447,R,1
447,S,2
447,T,2
447,V,1
447,W,3
447,Y,2
448,*,1
448,-,3
448,A,2
448,C,1
448,D,1
448,E,2
448,F,1
448,G,2
448,H,1
448,I,2
448,K,2
448,L,2
448,M,3
448,N,1
448,P,2
448,Q,2
448,R,2
448,S,1
448,T,2
448,V,2
448,W,2
448,Y,0
449,*,2
449,-,3
449,A,1
449,C,2
449,D,0
449,E,1
449,F,2
449,G,1
449,H,1
449,I,2
449,K,2
449,L,2
449,M,3
449,N,1
449,P,2
449,Q,2
449,R,2
449,S,2
449,T,2
449,V,1
449,W,3
449,Y,1
450,*,1
450,-,3
450,A,2
450,C,3
450,D,2
450,E,1
450,F,3
450,G,2
450,H,2
450,I,1
450,K,0
450,L,2
450,M,2
450,N,1
450,P,2
450,Q,1
450,R,1
450,S,2
450,T,1
450,V,2
450,W,3
450,Y,2
451,*,3
451,-,3
451,A,1
451,C,2
451,D,1
451,E,2
451,F,1
451,G,1
451,H,2
451,I,1
451,K,3
451,L,1
451,M,2
451,N,2
451,P,2
451,Q,3
451,R,2
451,S,2
451,T,2
451,V,0
451,W,3
451,Y,2
452,*,1
452,-,3
452,A,2
452,C,2
452,D,3
452,E,2
452,F,3
452,G,1
452,H,3
452,I,1
452,K,1
452,L,2
452,M,2
452,N,2
452,P,2
452,Q,2
452,R,0
452,S,1
452,T,1
452,V,2
452,W,2
452,Y,3
453,*,1
453,-,3
453,A,2
453,C,2
453,D,3
453,E,2
453,F,1
453,G,2
453,H,3
453,I,1
453,K,2
453,L,0
453,M,2
453,N,3
453,P,2
453,Q,2
453,R,2
453,S,1
453,T,2
453,V,1
453,W,2
453,Y,2
454,*,1
454,-,3
454,A,2
454,C,3
454,D,2
454,E,1
454,F,3
454,G,2
454,H,1
454,I,3
454,K,1
454,L,1
454,M,2
454,N,2
454,P,1
454,Q,0
454,R,1
454,S,2
454,T,2
454,V,2
454,W,2
454,Y,2
455,*,3
455,-,3
455,A,2
455,C,2
455,D,2
455,E,3
455,F,1
455,G,2
455,H,1
455,I,1
455,K,3
455,L,0
455,M,2
455,N,2
455,P,1
455,Q,2
455,R,1
455,S,2
455,T,2
455,V,1
455,W,3
455,Y,2
456,*,2
456,-,3
456,A,2
456,C,2
456,D,3
456,E,2
456,F,3
456,G,1
456,H,3
456,I,2
456,K,1
456,L,2
456,M,1
456,N,2
456,P,2
456,Q,2
456,R,0
456,S,1
456,T,1
456,V,2
456,W,1
456,Y,3
457,*,2
457,-,3
457,A,1
457,C,2
457,D,0
457,E,1
457,F,2
457,G,1
457,H,1
457,I,2
457,K,2
457,L,2
457,M,3
457,N,1
457,P,2
457,Q,2
457,R,2
457,S,2
457,T,2
457,V,1
457,W,3
457,Y,1
458,*,2
458,-,3
458,A,2
458,C,2
458,D,1
458,E,2
458,F,2
458,G,2
458,H,1
458,I,1
458,K,1
458,L,2
458,M,2
458,N,0
458,P,2
458,Q,2
458,R,2
458,S,1
458,T,1
458,V,2
458,W,3
458,Y,1
459,*,2
459,-,3
459,A,0
459,C,3
459,D,2
459,E,1
459,F,3
459,G,1
459,H,3
459,I,2
459,K,2
459,L,2
459,M,3
459,N,3
459,P,1
459,Q,2
459,R,2
459,S,1
459,T,1
459,V,1
459,W,3
459,Y,3
460,*,1
460,-,3
460,A,2
460,C,3
460,D,2
460,E,1
460,F,3
460,G,2
460,H,2
460,I,2
460,K,0
460,L,2
460,M,1
460,N,1
460,P,2
460,Q,1
460,R,1
460,S,2
460,T,1
460,V,2
460,W,2
460,Y,2
461,*,1
461,-,3
461,A,1
461,C,3
461,D,1
461,E,0
461,F,3
461,G,1
461,H,2
461,I,3
461,K,1
461,L,2
461,M,2
461,N,2
461,P,2
461,Q,1
461,R,2
461,S,2
461,T,2
461,V,1
461,W,2
461,Y,2
462,*,2
462,-,3
462,A,2
462,C,3
462,D,3
462,E,2
462,F,2
462,G,2
462,H,2
462,I,2
462,K,2
462,L,0
462,M,1
462,N,3
462,P,1
462,Q,1
462,R,1
462,S,2
462,T,2
462,V,1
462,W,2
462,Y,3
463,*,2
463,-,3
463,A,1
463,C,1
463,D,1
463,E,2
463,F,2
463,G,0
463,H,2
463,I,2
463,K,3
463,L,2
463,M,3
463,N,2
463,P,2
463,Q,3
463,R,1
463,S,1
463,T,2
463,V,1
463,W,2
463,Y,2
464,*,2
464,-,3
464,A,2
464,C,2
464,D,1
464,E,2
464,F,2
464,G,2
464,H,1
464,I,1
464,K,1
464,L,2
464,M,2
464,N,0
464,P,2
464,Q,2
464,R,2
464,S,1
464,T,1
464,V,2
464,W,3
464,Y,1
465,*,2
465,-,3
465,A,1
465,C,1
465,D,1
465,E,2
465,F,2
465,G,0
465,H,2
465,I,2
465,K,3
465,L,2
465,M,3
465,N,2
465,P,2
465,Q,3
465,R,1
465,S,1
465,T,2
465,V,1
465,W,2
465,Y,2
466,*,1
466,-,3
466,A,2
466,C,0
466,D,2
466,E,3
466,F,1
466,G,1
466,H,2
466,I,2
466,K,3
466,L,2
466,M,3
466,N,2
466,P,2
466,Q,3
466,R,1
466,S,1
466,T,2
466,V,2
466,W,1
466,Y,1
467,*,2
467,-,3
467,A,2
467,C,1
467,D,2
467,E,3
467,F,0
467,G,2
467,H,2
467,I,1
467,K,3
467,L,1
467,M,2
467,N,2
467,P,2
467,Q,3
467,R,2
467,S,1
467,T,2
467,V,1
467,W,2
467,Y,1
468,*,1
468,-,3
468,A,1
468,C,3
468,D,1
468,E,0
468,F,3
468,G,1
468,H,2
468,I,2
468,K,1
468,L,2
468,M,3
468,N,2
468,P,2
468,Q,1
468,R,2
468,S,2
468,T,2
468,V,1
468,W,3
468,Y,2
469,*,2
469,-,3
469,A,2
469,C,1
469,D,2
469,E,3
469,F,0
469,G,2
469,H,2
469,I,1
469,K,3
469,L,1
469,M,2
469,N,2
469,P,2
469,Q,3
469,R,2
469,S,1
469,T,2
469,V,1
469,W,2
469,Y,1
470,*,1
470,-,3
470,A,2
470,C,1
470,D,1
470,E,2
470,F,1
470,G,2
470,H,1
470,I,2
470,K,2
470,L,2
470,M,3
470,N,1
470,P,2
470,Q,2
470,R,2
470,S,1
470,T,2
470,V,2
470,W,2
470,Y,0
471,*,2
471,-,3
471,A,2
471,C,2
471,D,1
471,E,2
471,F,2
471,G,2
471,H,0
471,I,2
471,K,2
471,L,1
471,M,3
471,N,1
471,P,1
471,Q,1
471,R,1
471,S,2
471,T,2
471,V,2
471,W,3
471,Y,1
472,*,1
472,-,3
472,A,2
472,C,3
472,D,2
472,E,1
472,F,3
472,G,2
472,H,2
472,I,1
472,K,0
472,L,2
472,M,2
472,N,1
472,P,2
472,Q,1
472,R,1
472,S,2
472,T,1
472,V,2
472,W,3
472,Y,2
473,*,1
473,-,3
473,A,2
473,C,0
473,D,2
473,E,3
473,F,1
473,G,1
473,H,2
473,I,2
473,K,3
473,L,2
473,M,3
473,N,2
473,P,2
473,Q,3
473,R,1
473,S,1
473,T,2
473,V,2
473,W,1
473,Y,1
474,*,2
474,-,3
474,A,1
474,C,2
474,D,0
474,E,1
474,F,2
474,G,1
474,H,1
474,I,2
474,K,2
474,L,2
474,M,3
474,N,1
474,P,2
474,Q,2
474,R,2
474,S,2
474,T,2
474,V,1
474,W,3
474,Y,1
475,*,2
475,-,3
475,A,2
475,C,2
475,D,1
475,E,2
475,F,2
475,G,2
475,H,1
475,I,1
475,K,1
475,L,2
475,M,2
475,N,0
475,P,2
475,Q,2
475,R,2
475,S,1
475,T,1
475,V,2
475,W,3
475,Y,1
476,*,1
476,-,3
476,A,1
476,C,3
476,D,1
476,E,0
476,F,3
476,G,1
476,H,2
476,I,2
476,K,1
476,L,2
476,M,3
476,N,2
476,P,2
476,Q,1
476,R,2
476,S,2
476,T,2
476,V,1
476,W,3
476,Y,2
477,*,1
477,-,3
477,A,2
477,C,0
477,D,2
477,E,3
477,F,1
477,G,1
477,H,2
477,I,2
477,K,3
477,L,2
477,M,3
477,N,2
477,P,2
477,Q,3
477,R,1
477,S,1
477,T,2
477,V,2
477,W,1
477,Y,1
478,*,2
478,-,3
478,A,2
478,C,3
478,D,3
478,E,2
478,F,2
478,G,2
478,H,3
478,I,1
478,K,1
478,L,1
478,M,0
478,N,2
478,P,2
478,Q,2
478,R,1
478,S,2
478,T,1
478,V,1
478,W,2
478,Y,3
479,*,1
479,-,3
479,A,1
479,C,3
479,D,1
479,E,0
479,F,3
479,G,1
479,H,2
479,I,2
479,K,1
479,L,2
479,M,3
479,N,2
479,P,2
479,Q,1
479,R,2
479,S,2
479,T,2
479,V,1
479,W,3
479,Y,2
480,*,2
480,-,3
480,A,2
480,C,1
480,D,2
480,E,3
480,F,2
480,G,1
480,H,2
480,I,1
480,K,2
480,L,2
480,M,2
480,N,1
480,P,2
480,Q,3
480,R,1
480,S,0
480,T,1
480,V,2
480,W,2
480,Y,2
481,*,2
481,-,3
481,A,1
481,C,3
481,D,2
481,E,1
481,F,2
481,G,1
481,H,3
481,I,2
481,K,2
481,L,1
481,M,1
481,N,3
481,P,2
481,Q,2
481,R,2
481,S,2
481,T,2
481,V,0
481,W,2
481,Y,3
482,*,1
482,-,3
482,A,2
482,C,2
482,D,3
482,E,2
482,F,3
482,G,1
482,H,3
482,I,1
482,K,1
482,L,2
482,M,2
482,N,2
482,P,2
482,Q,2
482,R,0
482,S,1
482,T,1
482,V,2
482,W,2
482,Y,3
483,*,2
483,-,3
483,A,2
483,C,2
483,D,1
483,E,2
483,F,2
483,G,2
483,H,1
483,I,1
483,K,1
483,L,2
483,M,2
483,N,0
483,P,2
483,Q,2
483,R,2
483,S,1
483,T,1
483,V,2
483,W,3
483,Y,1
484,*,2
484,-,3
484,A,1
484,C,2
484,D,2
484,E,1
484,F,3
484,G,0
484,H,3
484,I,3
484,K,2
484,L,2
484,M,2
484,N,3
484,P,2
484,Q,2
484,R,1
484,S,2
484,T,2
484,V,1
484,W,1
484,Y,3
485,*,2
485,-,3
485,A,1
485,C,3
485,D,3
485,E,2
485,F,3
485,G,2
485,H,3
485,I,2
485,K,1
485,L,2
485,M,1
485,N,2
485,P,1
485,Q,2
485,R,1
485,S,1
485,T,0
485,V,2
485,W,2
485,Y,3
486,*,1
486,-,3
486,A,2
486,C,1
486,D,1
486,E,2
486,F,1
486,G,2
486,H,1
486,I,2
486,K,2
486,L,2
486,M,3
486,N,1
486,P,2
486,Q,2
486,R,2
486,S,1
486,T,2
486,V,2
486,W,2
486,Y,0
487,*,2
487,-,3
487,A,1
487,C,2
487,D,0
487,E,1
487,F,2
487,G,1
487,H,1
487,I,2
487,K,2
487,L,2
487,M,3
487,N,1
487,P,2
487,Q,2
487,R,2
487,S,2
487,T,2
487,V,1
487,W,3
487,Y,1
488,*,1
488,-,3
488,A,2
488,C,1
488,D,1
488,E,2
488,F,1
488,G,2
488,H,1
488,I,2
488,K,2
488,L,2
488,M,3
488,N,1
488,P,2
488,Q,2
488,R,2
488,S,1
488,T,2
488,V,2
488,W,2
488,Y,0
489,*,3
489,-,3
489,A,1
489,C,2
489,D,2
489,E,3
489,F,2
489,G,2
489,H,1
489,I,2
489,K,3
489,L,1
489,M,3
489,N,2
489,P,0
489,Q,2
489,R,1
489,S,1
489,T,1
489,V,2
489,W,3
489,Y,2
490,*,1
490,-,3
490,A,2
490,C,3
490,D,2
490,E,1
490,F,3
490,G,2
490,H,1
490,I,3
490,K,1
490,L,1
490,M,2
490,N,2
490,P,1
490,Q,0
490,R,1
490,S,2
490,T,2
490,V,2
490,W,2
490,Y,2
491,*,1
491,-,3
491,A,2
491,C,1
491,D,1
491,E,2
491,F,1
491,G,2
491,H,1
491,I,2
491,K,2
491,L,2
491,M,3
491,N,1
491,P,2
491,Q,2
491,R,2
491,S,1
491,T,2
491,V,2
491,W,2
491,Y,0
492,*,1
492,-,3
492,A,1
492,C,2
492,D,3
492,E,2
492,F,2
492,G,2
492,H,3
492,I,2
492,K,2
492,L,1
492,M,3
492,N,3
492,P,1
492,Q,2
492,R,2
492,S,0
492,T,1
492,V,2
492,W,2
492,Y,2
493,*,1
493,-,3
493,A,1
493,C,3
493,D,1
493,E,0
493,F,3
493,G,1
493,H,2
493,I,2
493,K,1
493,L,2
493,M,3
493,N,2
493,P,2
493,Q,1
493,R,2
493,S,2
493,T,2
493,V,1
493,W,3
493,Y,2
494,*,1
494,-,3
494,A,1
494,C,3
494,D,1
494,E,0
494,F,3
494,G,1
494,H,2
494,I,2
494,K,1
494,L,2
494,M,3
494,N,2
494,P,2
494,Q,1
494,R,2
494,S,2
494,T,2
494,V,1
494,W,3
494,Y,2
495,*,2
495,-,3
495,A,0
495,C,3
495,D,2
495,E,1
495,F,3
495,G,1
495,H,3
495,I,2
495,K,2
495,L,2
495,M,3
495,N,3
495,P,1
495,Q,2
495,R,2
495,S,1
495,T,1
495,V,1
495,W,3
495,Y,3
496,*,1
496,-,3
496,A,2
496,C,2
496,D,3
496,E,2
496,F,3
496,G,1
496,H,3
496,I,1
496,K,1
496,L,2
496,M,2
496,N,2
496,P,2
496,Q,2
496,R,0
496,S,1
496,T,1
496,V,2
496,W,2
496,Y,3
497,*,1
497,-,3
497,A,2
497,C,2
497,D,3
497,E,2
497,F,1
497,G,2
497,H,3
497,I,1
497,K,2
497,L,0
497,M,2
497,N,3
497,P,2
497,Q,2
497,R,2
497,S,1
497,T,2
497,V,1
497,W,2
497,Y,2
498,*,1
498,-,3
498,A,2
498,C,3
498,D,2
498,E,1
498,F,3
498,G,2
498,H,2
498,I,1
498,K,0
498,L,2
498,M,2
498,N,1
498,P,2
498,Q,1
498,R,1
498,S,2
498,T,1
498,V,2
498,W,3
498,Y,2
499,*,1
499,-,3
499,A,2
499,C,2
499,D,3
499,E,2
499,F,3
499,G,1
499,H,3
499,I,1
499,K,1
499,L,2
499,M,2
499,N,2
499,P,2
499,Q,2
499,R,0
499,S,1
499,T,1
499,V,2
499,W,2
499,Y,3
500,*,1
500,-,3
500,A,1
500,C,3
500,D,1
500,E,0
500,F,3
500,G,1
500,H,2
500,I,2
500,K,1
500,L,2
500,M,3
500,N,2
500,P,2
500,Q,1
500,R,2
500,S,2
500,T,2
500,V,1
500,W,3
500,Y,2
501,*,1
501,-,3
501,A,1
501,C,3
501,D,1
501,E,0
501,F,3
501,G,1
501,H,2
501,I,2
501,K,1
501,L,2
501,M,3
501,N,2
501,P,2
501,Q,1
501,R,2
501,S,2
501,T,2
501,V,1
501,W,3
501,Y,2
502,*,2
502,-,3
502,A,2
502,C,3
502,D,3
502,E,2
502,F,2
502,G,2
502,H,3
502,I,0
502,K,1
502,L,1
502,M,1
502,N,2
502,P,2
502,Q,2
502,R,1
502,S,2
502,T,1
502,V,1
502,W,3
502,Y,3
503,*,2
503,-,3
503,A,2
503,C,1
503,D,2
503,E,3
503,F,2
503,G,1
503,H,2
503,I,1
503,K,2
503,L,2
503,M,2
503,N,1
503,P,2
503,Q,3
503,R,1
503,S,0
503,T,1
503,V,2
503,W,2
503,Y,2
504,*,1
504,-,3
504,A,1
504,C,2
504,D,2
504,E,1
504,F,3
504,G,0
504,H,3
504,I,2
504,K,2
504,L,2
504,M,3
504,N,3
504,P,2
504,Q,2
504,R,1
504,S,2
504,T,2
504,V,1
504,W,2
504,Y,3
505,*,2
505,-,3
505,A,1
505,C,3
505,D,2
505,E,1
505,F,2
505,G,1
505,H,3
505,I,2
505,K,2
505,L,1
505,M,1
505,N,3
505,P,2
505,Q,2
505,R,2
505,S,2
505,T,2
505,V,0
505,W,2
505,Y,3
506,*,1
506,-,3
506,A,2
506,C,3
506,D,2
506,E,1
506,F,3
506,G,2
506,H,2
506,I,1
506,K,0
506,L,2
506,M,2
506,N,1
506,P,2
506,Q,1
506,R,1
506,S,2
506,T,1
506,V,2
506,W,3
506,Y,2
507,*,1
507,-,3
507,A,2
507,C,2
507,D,3
507,E,2
507,F,1
507,G,2
507,H,3
507,I,1
507,K,2
507,L,0
507,M,2
507,N,3
507,P,2
507,Q,2
507,R,2
507,S,1
507,T,2
507,V,1
507,W,2
507,Y,2
508,*,1
508,-,3
508,A,1
508,C,3
508,D,1
508,E,0
508,F,3
508,G,1
508,H,2
508,I,2
508,K,1
508,L,2
508,M,3
508,N,2
508,P,2
508,Q,1
508,R,2
508,S,2
508,T,2
508,V,1
508,W,3
508,Y,2
509,*,1
509,-,3
509,A,1
509,C,2
509,D,3
509,E,2
509,F,2
509,G,2
509,H,3
509,I,2
509,K,2
509,L,1
509,M,3
509,N,3
509,P,1
509,Q,2
509,R,2
509,S,0
509,T,1
509,V,2
509,W,2
509,Y,2
510,*,2
510,-,3
510,A,1
510,C,3
510,D,2
510,E,1
510,F,2
510,G,1
510,H,3
510,I,1
510,K,2
510,L,1
510,M,2
510,N,3
510,P,2
510,Q,2
510,R,2
510,S,2
510,T,2
510,V,0
510,W,3
510,Y,3
510a,*,1
510a,-,3
510a,A,1
510a,C,2
510a,D,2
510a,E,1
510a,F,3
510a,G,0
510a,H,3
510a,I,2
510a,K,2
510a,L,2
510a,M,3
510a,N,3
510a,P,2
510a,Q,2
510a,R,1
510a,S,2
510a,T,2
510a,V,1
510a,W,2
510a,Y,3
511,*,3
511,-,3
511,A,1
511,C,2
511,D,2
511,E,3
511,F,2
511,G,2
511,H,2
511,I,1
511,K,2
511,L,2
511,M,2
511,N,1
511,P,1
511,Q,3
511,R,2
511,S,1
511,T,0
511,V,2
511,W,3
511,Y,2
512,*,1
512,-,3
512,A,2
512,C,1
512,D,1
512,E,2
512,F,1
512,G,2
512,H,1
512,I,2
512,K,2
512,L,2
512,M,3
512,N,1
512,P,2
512,Q,2
512,R,2
512,S,1
512,T,2
512,V,2
512,W,2
512,Y,0
513,*,1
513,-,3
513,A,2
513,C,3
513,D,2
513,E,1
513,F,3
513,G,2
513,H,1
513,I,3
513,K,1
513,L,1
513,M,2
513,N,2
513,P,1
513,Q,0
513,R,1
513,S,2
513,T,2
513,V,2
513,W,2
513,Y,2
514,*,2
514,-,3
514,A,2
514,C,3
514,D,3
514,E,2
514,F,2
514,G,2
514,H,3
514,I,0
514,K,1
514,L,1
514,M,1
514,N,2
514,P,2
514,Q,2
514,R,1
514,S,2
514,T,1
514,V,1
514,W,3
514,Y,3
515,*,2
515,-,3
515,A,2
515,C,3
515,D,3
515,E,2
515,F,2
515,G,2
515,H,2
515,I,2
515,K,2
515,L,0
515,M,1
515,N,3
515,P,1
515,Q,1
515,R,1
515,S,2
515,T,2
515,V,1
515,W,2
515,Y,3
516,*,1
516,-,3
516,A,1
516,C,2
516,D,3
516,E,2
516,F,2
516,G,2
516,H,3
516,I,2
516,K,2
516,L,1
516,M,3
516,N,3
516,P,1
516,Q,2
516,R,2
516,S,0
516,T,1
516,V,2
516,W,2
516,Y,2
517,*,3
517,-,3
517,A,2
517,C,2
517,D,2
517,E,3
517,F,1
517,G,2
517,H,2
517,I,0
517,K,2
517,L,1
517,M,1
517,N,1
517,P,2
517,Q,3
517,R,2
517,S,1
517,T,1
517,V,1
517,W,3
517,Y,2
518,*,1
518,-,3
518,A,2
518,C,1
518,D,1
518,E,2
518,F,1
518,G,2
518,H,1
518,I,2
518,K,2
518,L,2
518,M,3
518,N,1
518,P,2
518,Q,2
518,R,2
518,S,1
518,T,2
518,V,2
518,W,2
518,Y,0
519,*,1
519,-,3
519,A,1
519,C,2
519,D,3
519,E,2
519,F,2
519,G,2
519,H,3
519,I,2
519,K,2
519,L,1
519,M,3
519,N,3
519,P,1
519,Q,2
519,R,2
519,S,0
519,T,1
519,V,2
519,W,2
519,Y,2
520,*,2
520,-,3
520,A,1
520,C,3
520,D,3
520,E,2
520,F,3
520,G,2
520,H,3
520,I,1
520,K,1
520,L,2
520,M,2
520,N,2
520,P,1
520,Q,2
520,R,1
520,S,1
520,T,0
520,V,2
520,W,3
520,Y,3
521,*,2
521,-,3
521,A,0
521,C,3
521,D,2
521,E,1
521,F,3
521,G,1
521,H,3
521,I,3
521,K,2
521,L,2
521,M,2
521,N,3
521,P,1
521,Q,2
521,R,2
521,S,1
521,T,1
521,V,1
521,W,2
521,Y,3
522,*,2
522,-,3
522,A,0
522,C,3
522,D,2
522,E,1
522,F,3
522,G,1
522,H,3
522,I,2
522,K,2
522,L,2
522,M,3
522,N,3
522,P,1
522,Q,2
522,R,2
522,S,1
522,T,1
522,V,1
522,W,3
522,Y,3
523,*,2
523,-,3
523,A,2
523,C,1
523,D,2
523,E,3
523,F,2
523,G,1
523,H,2
523,I,1
523,K,2
523,L,2
523,M,2
523,N,1
523,P,2
523,Q,3
523,R,1
523,S,0
523,T,1
523,V,2
523,W,2
523,Y,2
524,*,2
524,-,3
524,A,1
524,C,1
524,D,2
524,E,3
524,F,1
524,G,2
524,H,2
524,I,2
524,K,3
524,L,2
524,M,3
524,N,2
524,P,1
524,Q,3
524,R,2
524,S,0
524,T,1
524,V,2
524,W,2
524,Y,1
525,*,2
525,-,3
525,A,2
525,C,3
525,D,3
525,E,2
525,F,2
525,G,2
525,H,2
525,I,1
525,K,2
525,L,0
525,M,2
525,N,3
525,P,1
525,Q,1
525,R,1
525,S,2
525,T,2
525,V,1
525,W,3
525,Y,3
526,*,2
526,-,3
526,A,0
526,C,3
526,D,2
526,E,1
526,F,3
526,G,1
526,H,3
526,I,2
526,K,2
526,L,2
526,M,3
526,N,3
526,P,1
526,Q,2
526,R,2
526,S,1
526,T,1
526,V,1
526,W,3
526,Y,3
527,*,2
527,-,3
527,A,2
527,C,3
527,D,3
527,E,2
527,F,2
527,G,2
527,H,2
527,I,2
527,K,2
527,L,0
527,M,1
527,N,3
527,P,1
527,Q,1
527,R,1
527,S,2
527,T,2
527,V,1
527,W,2
527,Y,3
528,*,2
528,-,3
528,A,0
528,C,3
528,D,2
528,E,1
528,F,3
528,G,1
528,H,3
528,I,2
528,K,2
528,L,2
528,M,3
528,N,3
528,P,1
528,Q,2
528,R,2
528,S,1
528,T,1
528,V,1
528,W,3
528,Y,3
529,*,3
529,-,3
529,A,2
529,C,2
529,D,2
529,E,3
529,F,1
529,G,2
529,H,2
529,I,0
529,K,2
529,L,1
529,M,1
529,N,1
529,P,2
529,Q,3
529,R,2
529,S,1
529,T,1
529,V,1
529,W,3
529,Y,2
530,*,2
530,-,3
530,A,2
530,C,3
530,D,3
530,E,2
530,F,2
530,G,2
530,H,3
530,I,1
530,K,1
530,L,1
530,M,0
530,N,2
530,P,2
530,Q,2
530,R,1
530,S,2
530,T,1
530,V,1
530,W,2
530,Y,3
531,*,2
531,-,3
531,A,2
531,C,3
531,D,3
531,E,2
531,F,2
531,G,2
531,H,3
531,I,1
531,K,1
531,L,1
531,M,0
531,N,2
531,P,2
531,Q,2
531,R,1
531,S,2
531,T,1
531,V,1
531,W,2
531,Y,3
532,*,3
532,-,3
532,A,0
532,C,2
532,D,1
532,E,2
532,F,2
532,G,1
532,H,2
532,I,2
532,K,3
532,L,2
532,M,3
532,N,2
532,P,1
532,Q,3
532,R,2
532,S,1
532,T,1
532,V,1
532,W,3
532,Y,2
533,*,2
533,-,3
533,A,1
533,C,1
533,D,1
533,E,2
533,F,2
533,G,0
533,H,2
533,I,2
533,K,3
533,L,2
533,M,3
533,N,2
533,P,2
533,Q,3
533,R,1
533,S,1
533,T,2
533,V,1
533,W,2
533,Y,2
534,*,2
534,-,3
534,A,2
534,C,3
534,D,3
534,E,2
534,F,2
534,G,2
534,H,2
534,I,1
534,K,2
534,L,0
534,M,2
534,N,3
534,P,1
534,Q,1
534,R,1
534,S,2
534,T,2
534,V,1
534,W,3
534,Y,3
535,*,2
535,-,3
535,A,1
535,C,1
535,D,2
535,E,3
535,F,1
535,G,2
535,H,2
535,I,2
535,K,3
535,L,2
535,M,3
535,N,2
535,P,1
535,Q,3
535,R,2
535,S,0
535,T,1
535,V,2
535,W,2
535,Y,1
536,*,1
536,-,3
536,A,2
536,C,2
536,D,3
536,E,2
536,F,1
536,G,2
536,H,3
536,I,1
536,K,2
536,L,0
536,M,2
536,N,3
536,P,2
536,Q,2
536,R,2
536,S,1
536,T,2
536,V,1
536,W,2
536,Y,2
537,*,1
537,-,3
537,A,2
537,C,1
537,D,3
537,E,2
537,F,2
537,G,1
537,H,3
537,I,3
537,K,2
537,L,1
537,M,2
537,N,3
537,P,2
537,Q,2
537,R,1
537,S,1
537,T,2
537,V,2
537,W,0
537,Y,2
538,*,2
538,-,3
538,A,2
538,C,3
538,D,3
538,E,2
538,F,2
538,G,2
538,H,3
538,I,1
538,K,1
538,L,1
538,M,0
538,N,2
538,P,2
538,Q,2
538,R,1
538,S,2
538,T,1
538,V,1
538,W,2
538,Y,3
539,*,1
539,-,3
539,A,2
539,C,0
539,D,2
539,E,3
539,F,1
539,G,1
539,H,2
539,I,2
539,K,3
539,L,2
539,M,3
539,N,2
539,P,2
539,Q,3
539,R,1
539,S,1
539,T,2
539,V,2
539,W,1
539,Y,1
540,*,2
540,-,3
540,A,1
540,C,1
540,D,2
540,E,3
540,F,1
540,G,2
540,H,2
540,I,2
540,K,3
540,L,2
540,M,3
540,N,2
540,P,1
540,Q,3
540,R,2
540,S,0
540,T,1
540,V,2
540,W,2
540,Y,1
541,*,2
541,-,3
541,A,2
541,C,2
541,D,1
541,E,2
541,F,2
541,G,2
541,H,1
541,I,1
541,K,1
541,L,2
541,M,2
541,N,0
541,P,2
541,Q,2
541,R,2
541,S,1
541,T,1
541,V,2
541,W,3
541,Y,1
542,*,2
542,-,3
542,A,1
542,C,2
542,D,2
542,E,1
542,F,3
542,G,0
542,H,3
542,I,3
542,K,2
542,L,2
542,M,2
542,N,3
542,P,2
542,Q,2
542,R,1
542,S,2
542,T,2
542,V,1
542,W,1
542,Y,3
543,*,1
543,-,3
543,A,1
543,C,2
543,D,3
543,E,2
543,F,2
543,G,2
543,H,3
543,I,3
543,K,2
543,L,1
543,M,2
543,N,3
543,P,1
543,Q,2
543,R,2
543,S,0
543,T,1
543,V,2
543,W,1
543,Y,2
544,*,1
544,-,3
544,A,2
544,C,2
544,D,3
544,E,2
544,F,1
544,G,2
544,H,3
544,I,1
544,K,2
544,L,0
544,M,2
544,N,3
544,P,2
544,Q,2
544,R,2
544,S,1
544,T,2
544,V,1
544,W,2
544,Y,2
545,*,1
545,-,3
545,A,2
545,C,3
545,D,2
545,E,1
545,F,3
545,G,2
545,H,1
545,I,3
545,K,1
545,L,1
545,M,2
545,N,2
545,P,1
545,Q,0
545,R,1
545,S,2
545,T,2
545,V,2
545,W,2
545,Y,2
546,*,1
546,-,3
546,A,2
546,C,0
546,D,2
546,E,3
546,F,1
546,G,1
546,H,2
546,I,2
546,K,3
546,L,2
546,M,3
546,N,2
546,P,2
546,Q,3
546,R,1
546,S,1
546,T,2
546,V,2
546,W,1
546,Y,1
547,*,1
547,-,3
547,A,2
547,C,2
547,D,3
547,E,2
547,F,3
547,G,1
547,H,3
547,I,1
547,K,1
547,L,2
547,M,2
547,N,2
547,P,2
547,Q,2
547,R,0
547,S,1
547,T,1
547,V,2
547,W,2
547,Y,3
548,*,3
548,-,3
548,A,2
548,C,2
548,D,2
548,E,3
548,F,1
548,G,2
548,H,2
548,I,0
548,K,2
548,L,1
548,M,1
548,N,1
548,P,2
548,Q,3
548,R,2
548,S,1
548,T,1
548,V,1
548,W,3
548,Y,2
549,*,1
549,-,3
549,A,2
549,C,0
549,D,2
549,E,3
549,F,1
549,G,1
549,H,2
549,I,2
549,K,3
549,L,2
549,M,3
549,N,2
549,P,2
549,Q,3
549,R,1
549,S,1
549,T,2
549,V,2
549,W,1
549,Y,1
550,*,3
550,-,3
550,A,2
550,C,2
550,D,2
550,E,3
550,F,1
550,G,2
550,H,2
550,I,0
550,K,2
550,L,1
550,M,1
550,N,1
550,P,2
550,Q,3
550,R,2
550,S,1
550,T,1
550,V,1
550,W,3
550,Y,2
551,*,0
551,-,3
551,A,2
551,C,2
551,D,2
551,E,1
551,F,2
551,G,2
551,H,2
551,I,3
551,K,1
551,L,1
551,M,2
551,N,2
551,P,2
551,Q,1
551,R,2
551,S,1
551,T,2
551,V,2
551,W,1
551,Y,1
